Location_ID,County,City,State,Postal Code,Vehicle Location,Longitude,Latitude
L000001,Las Animas,Trinidad,CO,81082,POINT (-104.5164515 37.1682585),-104.5164515,37.1682585
L000002,El Paso,Colorado Springs,CO,80925,POINT (-104.6433786 38.7419669),-104.6433786,38.7419669
L000003,El Paso,Colorado Springs,CO,80908,POINT (-104.7143451 39.0313655),-104.7143451,39.0313655
L000004,El Paso,Colorado Springs,CO,80923,POINT (-104.7171991 38.9258926),-104.7171991,38.9258926
L000005,Adams,Aurora,CO,80019,POINT (-104.733756 39.7731412),-104.733756,39.7731412
L000006,Douglas,Parker,CO,80134,POINT (-104.7746063 39.5154005),-104.7746063,39.5154005
L000007,Laramie,Cheyenne,WY,82001,POINT (-104.7952484 41.1442461),-104.7952484,41.1442461
L000008,El Paso,Colorado Springs,CO,80907,POINT (-104.8244821 38.8777728),-104.8244821,38.8777728
L000009,El Paso,Colorado Springs,CO,80921,POINT (-104.8314684 39.0364661),-104.8314684,39.0364661
L000010,El Paso,Colorado Springs,CO,80919,POINT (-104.8519382 38.9235861),-104.8519382,38.9235861
L000011,Douglas,Castle Rock,CO,80104,POINT (-104.855075 39.373455),-104.855075,39.373455
L000012,Arapahoe,Englewood,CO,80111,POINT (-104.8750737 39.6055754),-104.8750737,39.6055754
L000013,Larimer,Timnath,CO,80547,POINT (-104.9659564 40.5166002),-104.9659564,40.5166002
L000014,Boulder,Longmont,CO,80501,POINT (-105.10686 40.16174),-105.10686,40.16174
L000015,Otero,Holloman Air Force Base,NM,88330,POINT (-106.0794796 32.8350456),-106.0794796,32.8350456
L000016,El Paso,El Paso,TX,79927,POINT (-106.27334 31.650735),-106.27334,31.650735
L000017,El Paso,El Paso,TX,79911,POINT (-106.5687955 31.8947073),-106.5687955,31.8947073
L000018,Sheridan,Sheridan,WY,82801,POINT (-106.9536599 44.7936462),-106.9536599,44.7936462
L000019,Cochise,Fort Huachuca,AZ,85613,POINT (-110.3485647 31.5566886),-110.3485647,31.5566886
L000020,Pinal,Tucson,AZ,85739,POINT (-110.9016211 32.507734),-110.9016211,32.507734
L000021,Pima,Tucson,AZ,85718,POINT (-110.9156341 32.3050619),-110.9156341,32.3050619
L000022,Pinal,Apache Junction,AZ,85119,POINT (-111.539855 33.40916),-111.539855,33.40916
L000023,Maricopa,Chandler,AZ,85249,POINT (-111.796174 33.222636),-111.796174,33.222636
L000024,Salt Lake,Salt Lake City,UT,84121,POINT (-111.820697 40.6257225),-111.820697,40.6257225
L000025,Maricopa,Chandler,AZ,85248,POINT (-111.8614234 33.2369776),-111.8614234,33.2369776
L000026,Salt Lake,Salt Lake City,UT,84115,POINT (-111.88824 40.729685),-111.88824,40.729685
L000027,Maricopa,Scottsdale,AZ,85250,POINT (-111.9159524 33.5173207),-111.9159524,33.5173207
L000028,Maricopa,Tempe,AZ,85281,POINT (-111.9455244 33.42316),-111.9455244,33.42316
L000029,Maricopa,Phoenix,AZ,85028,POINT (-112.008736 33.583784),-112.008736,33.583784
L000030,Maricopa,Phoenix,AZ,85040,POINT (-112.0265249 33.4051142),-112.0265249,33.4051142
L000031,Maricopa,Phoenix,AZ,85086,POINT (-112.103752 33.8321118),-112.103752,33.8321118
L000032,Tooele,Tooele,UT,84074,POINT (-112.28485 40.529185),-112.28485,40.529185
L000033,Clark,Laughlin,NV,89029,POINT (-114.619739 35.1391179),-114.619739,35.1391179
L000034,Clark,Las Vegas,NV,89118,POINT (-115.192525 36.08814),-115.192525,36.08814
L000035,Clark,Las Vegas,NV,89131,POINT (-115.239044 36.295982),-115.239044,36.295982
L000036,Clark,Las Vegas,NV,89145,POINT (-115.272539 36.170588),-115.272539,36.170588
L000037,Clark,Las Vegas,NV,89129,POINT (-115.324085 36.22763),-115.324085,36.22763
L000038,Clark,Las Vegas,NV,89135,POINT (-115.3260934 36.1319345),-115.3260934,36.1319345
L000039,Clark,Las Vegas,NV,89166,POINT (-115.3295057 36.2983052),-115.3295057,36.2983052
L000040,Clark,Las Vegas,NV,89138,POINT (-115.3574812 36.1729519),-115.3574812,36.1729519
L000041,Ada,Boise,ID,83706,POINT (-116.197355 43.59162),-116.197355,43.59162
L000042,Ada,Boise,ID,83702,POINT (-116.207032 43.628828),-116.207032,43.628828
L000043,Riverside,Indio,CA,92201,POINT (-116.21818 33.71927),-116.21818,33.71927
L000044,Riverside,Cathedral City,CA,92234,POINT (-116.464199 33.807798),-116.464199,33.807798
L000045,San Bernardino,Fort Irwin,CA,92310,POINT (-116.6984466 35.2618843),-116.6984466,35.2618843
L000046,Kootenai,Worley,ID,83876,POINT (-116.8826034 47.4663401),-116.8826034,47.4663401
L000047,Kootenai,Post Falls,ID,83854,POINT (-116.9427449 47.7272526),-116.9427449,47.7272526
L000048,San Diego,Chula Vista,CA,91915,POINT (-116.957873 32.631669),-116.957873,32.631669
L000049,San Diego,Chula Vista,CA,91913,POINT (-116.9854857 32.6312931),-116.9854857,32.6312931
L000050,San Diego,San Diego,CA,92154,POINT (-117.0337898 32.5668843),-117.0337898,32.5668843
L000051,San Diego,La Mesa,CA,91942,POINT (-117.03397 32.765925),-117.03397,32.765925
L000052,San Diego,San Diego,CA,92114,POINT (-117.056643 32.708906),-117.056643,32.708906
L000053,Asotin,Asotin,WA,99402,POINT (-117.0595188 46.2653979),-117.0595188,46.2653979
L000054,Spokane,Newman Lake,WA,99025,POINT (-117.075672 47.736783),-117.075672,47.736783
L000055,Whitman,Tekoa,WA,99033,POINT (-117.0774369 47.2271563),-117.0774369,47.2271563
L000056,Whitman,Palouse,WA,99161,POINT (-117.078955 46.9109331),-117.078955,46.9109331
L000057,Asotin,Clarkston,WA,99403,POINT (-117.08094 46.396152),-117.08094,46.396152
L000058,San Diego,San Diego,CA,92131,POINT (-117.083459 32.914886),-117.083459,32.914886
L000059,Whitman,Uniontown,WA,99179,POINT (-117.0888411 46.5368234),-117.0888411,46.5368234
L000060,San Diego,San Diego,CA,92124,POINT (-117.096935 32.824435),-117.096935,32.824435
L000061,Spokane,Liberty Lake,WA,99019,POINT (-117.09883 47.6679943),-117.09883,47.6679943
L000062,San Diego,San Diego,CA,92136,POINT (-117.121336 32.680668),-117.121336,32.680668
L000063,San Diego,San Diego,CA,92126,POINT (-117.1254974 32.9234606),-117.1254974,32.9234606
L000064,Whitman,Uniontown,WA,99113,POINT (-117.1284737 46.5688312),-117.1284737,46.5688312
L000065,Spokane,Spokane Valley,WA,99027,POINT (-117.1286861 47.7004092),-117.1286861,47.7004092
L000066,San Diego,San Diego,CA,92102,POINT (-117.139715 32.7116),-117.139715,32.7116
L000067,Spokane,Rockford,WA,99030,POINT (-117.1403337 47.4784293),-117.1403337,47.4784293
L000068,Whitman,Garfield,WA,99130,POINT (-117.149722 47.004243),-117.149722,47.004243
L000069,Spokane,Latah,WA,99018,POINT (-117.158389 47.2806139),-117.158389,47.2806139
L000070,Spokane,Spokane Valley,WA,99016,POINT (-117.1598888 47.6568937),-117.1598888,47.6568937
L000071,San Diego,San Diego,CA,92101,POINT (-117.160635 32.717795),-117.160635,32.717795
L000072,Riverside,Menifee,CA,92585,POINT (-117.1627736 33.725296),-117.1627736,33.725296
L000073,San Diego,San Diego,CA,92103,POINT (-117.16304 32.746955),-117.16304,32.746955
L000074,Pend Oreille,Newport,WA,99156,POINT (-117.164316 48.150501),-117.164316,48.150501
L000075,Whitman,Pullman,WA,99163,POINT (-117.17912 46.730885),-117.17912,46.730885
L000076,San Bernardino,Apple Valley,CA,92308,POINT (-117.191369 34.464256),-117.191369,34.464256
L000077,Spokane,Spokane Valley,WA,99037,POINT (-117.193798 47.646855),-117.193798,47.646855
L000078,Spokane,Mica,WA,99023,POINT (-117.1957101 47.5511952),-117.1957101,47.5511952
L000079,Spokane,Spokane Valley,WA,99216,POINT (-117.21264 47.6587754),-117.21264,47.6587754
L000080,Spokane,Waverly,WA,99039,POINT (-117.2278229 47.3422938),-117.2278229,47.3422938
L000081,San Diego,San Diego,CA,92106,POINT (-117.229395 32.727105),-117.229395,32.727105
L000082,Whitman,Oakesdale,WA,99158,POINT (-117.2378429 47.1293389),-117.2378429,47.1293389
L000083,San Diego,San Diego,CA,92107,POINT (-117.2436323 32.742267),-117.2436323,32.742267
L000084,Spokane,Spokane Valley,WA,99206,POINT (-117.24549 47.6534),-117.24549,47.6534
L000085,Spokane,Spokane,WA,99036,POINT (-117.2492874 47.5315211),-117.2492874,47.5315211
L000086,San Diego,Vista,CA,92083,POINT (-117.2534342 33.1978229),-117.2534342,33.1978229
L000087,San Diego,Oceanside,CA,92056,POINT (-117.27047 33.21481),-117.27047,33.21481
L000088,Riverside,Wildomar,CA,92595,POINT (-117.2733972 33.6015304),-117.2733972,33.6015304
L000089,Spokane,Mead,WA,99021,POINT (-117.2795761 47.7874548),-117.2795761,47.7874548
L000090,Pend Oreille,Usk,WA,99180,POINT (-117.2805111 48.300119),-117.2805111,48.300119
L000091,Spokane,Elk,WA,99009,POINT (-117.280878 48.0172413),-117.280878,48.0172413
L000092,San Diego,Oceanside,CA,92057,POINT (-117.295294 33.246484),-117.295294,33.246484
L000093,Spokane,Spokane Valley,WA,99212,POINT (-117.308052 47.667462),-117.308052,47.667462
L000094,Spokane,Chattaroy,WA,99003,POINT (-117.3099042 47.917899),-117.3099042,47.917899
L000095,Spokane,Spokane,WA,99217,POINT (-117.3167812 47.7100595),-117.3167812,47.7100595
L000096,Pend Oreille,Cusick,WA,99119,POINT (-117.3217105 48.5202255),-117.3217105,48.5202255
L000097,San Diego,Oceanside,CA,92058,POINT (-117.353547 33.230939),-117.353547,33.230939
L000098,Whitman,Colfax,WA,99111,POINT (-117.3631029 46.8783751),-117.3631029,46.8783751
L000099,Whitman,Rosalia,WA,99170,POINT (-117.366271 47.248041),-117.366271,47.248041
L000100,San Diego,Oceanside,CA,92051,POINT (-117.3680354 33.1992152),-117.3680354,33.1992152
L000101,Spokane,Spokane,WA,99223,POINT (-117.369705 47.62637),-117.369705,47.62637
L000102,Spokane,Colbert,WA,99005,POINT (-117.3704451 47.8280009),-117.3704451,47.8280009
L000103,Spokane,Spokane,WA,99202,POINT (-117.383045 47.661935),-117.383045,47.661935
L000104,Spokane,Spangle,WA,99031,POINT (-117.385127 47.4453436),-117.385127,47.4453436
L000105,Spokane,Spokane,WA,99207,POINT (-117.387659 47.686036),-117.387659,47.686036
L000106,Spokane,Spokane,WA,99203,POINT (-117.402924 47.63041),-117.402924,47.63041
L000107,Spokane,Spokane,WA,99208,POINT (-117.40725 47.718625),-117.40725,47.718625
L000108,Pend Oreille,Ione,WA,99139,POINT (-117.4135482 48.7224933),-117.4135482,48.7224933
L000109,Spokane,Spokane,WA,99218,POINT (-117.415751 47.759305),-117.415751,47.759305
L000110,Spokane,Spokane,WA,99205,POINT (-117.42694 47.67946),-117.42694,47.67946
L000111,Spokane,Spokane,WA,99204,POINT (-117.43167 47.64724),-117.43167,47.64724
L000112,Spokane,Spokane,WA,99201,POINT (-117.431895 47.667155),-117.431895,47.667155
L000113,Spokane,Deer Park,WA,99006,POINT (-117.4675458 47.9531175),-117.4675458,47.9531175
L000114,Spokane,Spokane,WA,99224,POINT (-117.4880843 47.6320646),-117.4880843,47.6320646
L000115,Stevens,Clayton,WA,99110,POINT (-117.5594351 47.9968309),-117.5594351,47.9968309
L000116,Orange,Trabuco Canyon,CA,92679,POINT (-117.579636 33.633329),-117.579636,33.633329
L000117,Whitman,St John,WA,99171,POINT (-117.5809325 47.0871554),-117.5809325,47.0871554
L000118,Spokane,Cheney,WA,99004,POINT (-117.5836098 47.4951312),-117.5836098,47.4951312
L000119,Spokane,Airway Heights,WA,99001,POINT (-117.587865 47.6451),-117.587865,47.6451
L000120,Garfield,Pomeroy,WA,99347,POINT (-117.60089 46.473565),-117.60089,46.473565
L000121,Stevens,Nine Mile Falls,WA,99026,POINT (-117.6098695 47.8047804),-117.6098695,47.8047804
L000122,San Diego,San Clemente,CA,92672,POINT (-117.614409 33.4256414),-117.614409,33.4256414
L000123,Stevens,Loon Lake,WA,99148,POINT (-117.6261017 48.0876584),-117.6261017,48.0876584
L000124,Spokane,Fairchild Air Force Base,WA,99011,POINT (-117.655624 47.630736),-117.655624,47.630736
L000125,Kern,Ridgecrest,CA,93555,POINT (-117.67228 35.62073),-117.67228,35.62073
L000126,Spokane,Medical Lake,WA,99022,POINT (-117.680927 47.587165),-117.680927,47.587165
L000127,Whitman,Endicott,WA,99125,POINT (-117.6848888 46.9282526),-117.6848888,46.9282526
L000128,Orange,Lake Forest,CA,92630,POINT (-117.7092181 33.6301861),-117.7092181,33.6301861
L000129,Stevens,Chewelah,WA,99109,POINT (-117.7197255 48.2800083),-117.7197255,48.2800083
L000130,Stevens,Valley,WA,99181,POINT (-117.7262049 48.1751396),-117.7262049,48.1751396
L000131,Orange,Irvine,CA,92620,POINT (-117.74619 33.70468),-117.74619,33.70468
L000132,Orange,Irvine,CA,92618,POINT (-117.746662 33.665032),-117.746662,33.665032
L000133,Stevens,Springdale,WA,99173,POINT (-117.7713321 48.0461344),-117.7713321,48.0461344
L000134,Stevens,Tumtum,WA,99034,POINT (-117.7785926 47.8830342),-117.7785926,47.8830342
L000135,Stevens,Northport,WA,99157,POINT (-117.7886042 48.9119603),-117.7886042,48.9119603
L000136,Lincoln,Ford,WA,99013,POINT (-117.847708 47.8268744),-117.847708,47.8268744
L000137,Spokane,Reardan,WA,99029,POINT (-117.8658976 47.723604),-117.8658976,47.723604
L000138,Spokane,Edwall,WA,99008,POINT (-117.869688 47.550759),-117.869688,47.550759
L000139,Whitman,Lacrosse,WA,99143,POINT (-117.8763768 46.8133998),-117.8763768,46.8133998
L000140,Stevens,Colville,WA,99114,POINT (-117.90431 48.547075),-117.90431,48.547075
L000141,Whitman,Lamont,WA,99017,POINT (-117.9062409 47.2014807),-117.9062409,47.2014807
L000142,Stevens,Addy,WA,99101,POINT (-117.913611 48.361989),-117.913611,48.361989
L000143,Columbia,Dayton,WA,99328,POINT (-117.9665373 46.3125369),-117.9665373,46.3125369
L000144,Stevens,Evans,WA,99126,POINT (-117.9775634 48.7199812),-117.9775634,48.7199812
L000145,Lincoln,Sprague,WA,99032,POINT (-117.9860388 47.2991291),-117.9860388,47.2991291
L000146,Orange,Midway City,CA,92655,POINT (-117.986377 33.746077),-117.986377,33.746077
L000147,Stevens,Wellpinit,WA,99040,POINT (-117.98957 47.892405),-117.98957,47.892405
L000148,Orange,Buena Park,CA,90621,POINT (-117.997795 33.86741),-117.997795,33.86741
L000149,Orange,Buena Park,CA,90620,POINT (-118.015225 33.843047),-118.015225,33.843047
L000150,Stevens,Kettle Falls,WA,99141,POINT (-118.0710369 48.6308016),-118.0710369,48.6308016
L000151,Los Angeles,Lakewood,CA,90713,POINT (-118.113267 33.84935),-118.113267,33.84935
L000152,Stevens,Rice,WA,99167,POINT (-118.1360479 48.4256693),-118.1360479,48.4256693
L000153,Stevens,Gifford,WA,99131,POINT (-118.138888 48.28588),-118.138888,48.28588
L000154,Walla Walla,Waitsburg,WA,99361,POINT (-118.150614 46.263459),-118.150614,46.263459
L000155,Stevens,Hunters,WA,99137,POINT (-118.174956 48.125749),-118.174956,48.125749
L000156,Los Angeles,Long Beach,CA,90802,POINT (-118.1850193 33.7700986),-118.1850193,33.7700986
L000157,Lincoln,Davenport,WA,99122,POINT (-118.186805 47.722719),-118.186805,47.722719
L000158,Kern,Rosamond,CA,93560,POINT (-118.2291519 34.8621922),-118.2291519,34.8621922
L000159,Los Angeles,Lancaster,CA,93536,POINT (-118.242595 34.685088),-118.242595,34.685088
L000160,Lincoln,Harrington,WA,99134,POINT (-118.2551948 47.4756361),-118.2551948,47.4756361
L000161,Ferry,Inchelium,WA,99138,POINT (-118.263469 48.2964065),-118.263469,48.2964065
L000162,Adams,Washtucna,WA,99371,POINT (-118.3127245 46.7558386),-118.3127245,46.7558386
L000163,Los Angeles,Gardena,CA,90249,POINT (-118.3166199 33.9019252),-118.3166199,33.9019252
L000164,Los Angeles,Torrance,CA,90504,POINT (-118.331273 33.871521),-118.331273,33.871521
L000165,Los Angeles,Los Angeles,CA,90016,POINT (-118.3417 34.02851),-118.3417,34.02851
L000166,Walla Walla,Walla Walla,WA,99362,POINT (-118.34332 46.063985),-118.34332,46.063985
L000167,Adams,Ritzville,WA,99169,POINT (-118.3860485 47.1193181),-118.3860485,47.1193181
L000168,Walla Walla,College Place,WA,99324,POINT (-118.3885398 46.0448318),-118.3885398,46.0448318
L000169,Los Angeles,North Hollywood,CA,91606,POINT (-118.39197 34.18667),-118.39197,34.18667
L000170,Los Angeles,Los Angeles,CA,90064,POINT (-118.434133 34.033613),-118.434133,34.033613
L000171,Lincoln,Lincoln,WA,99147,POINT (-118.4446784 47.8371288),-118.4446784,47.8371288
L000172,Ferry,Danville,WA,99121,POINT (-118.5013132 48.9920521),-118.5013132,48.9920521
L000173,Lincoln,Creston,WA,99117,POINT (-118.505405 47.765249),-118.505405,47.765249
L000174,Los Angeles,Reseda,CA,91335,POINT (-118.5404691 34.2010655),-118.5404691,34.2010655
L000175,Adams,Lind,WA,99341,POINT (-118.6294014 46.9712689),-118.6294014,46.9712689
L000176,Walla Walla,Touchet,WA,99360,POINT (-118.651393 46.0427632),-118.651393,46.0427632
L000177,Ferry,Curlew,WA,99118,POINT (-118.6647739 48.8936878),-118.6647739,48.8936878
L000178,Ferry,Keller,WA,99140,POINT (-118.692602 48.095104),-118.692602,48.095104
L000179,Lincoln,Odessa,WA,99159,POINT (-118.6929775 47.3333535),-118.6929775,47.3333535
L000180,Lincoln,Wilbur,WA,99185,POINT (-118.7072861 47.7633638),-118.7072861,47.7633638
L000181,Ferry,Republic,WA,99166,POINT (-118.732885 48.64804),-118.732885,48.64804
L000182,Franklin,Connell,WA,99326,POINT (-118.8749948 46.6639697),-118.8749948,46.6639697
L000183,Ventura,Moorpark,CA,93021,POINT (-118.883344 34.285348),-118.883344,34.285348
L000184,Ventura,Newbury Park,CA,91320,POINT (-118.931591 34.180936),-118.931591,34.180936
L000185,Lincoln,Almira,WA,99103,POINT (-118.94157 47.710925),-118.94157,47.710925
L000186,Okanogan,Elmer City,WA,99124,POINT (-118.9539579 47.9975823),-118.9539579,47.9975823
L000187,Okanogan,Coulee Dam,WA,99116,POINT (-118.9687702 47.9737952),-118.9687702,47.9737952
L000188,Okanogan,Nespelem,WA,99155,POINT (-118.976655 48.166365),-118.976655,48.166365
L000189,Walla Walla,Burbank,WA,99323,POINT (-118.9834861 46.188258),-118.9834861,46.188258
L000190,Grant,Marlin,WA,98832,POINT (-119.0003404 47.3192513),-119.0003404,47.3192513
L000191,Lincoln,Grand Coulee,WA,99133,POINT (-119.00325 47.942725),-119.00325,47.942725
L000192,Franklin,Eltopia,WA,99330,POINT (-119.0407977 46.4671917),-119.0407977,46.4671917
L000193,Grant,Warden,WA,98857,POINT (-119.0425785 46.9717011),-119.0425785,46.9717011
L000194,Ventura,Camarillo,CA,93010,POINT (-119.042975 34.22104),-119.042975,34.22104
L000195,Grant,Electric City,WA,99123,POINT (-119.0660667 47.9098099),-119.0660667,47.9098099
L000196,Franklin,Pasco,WA,99301,POINT (-119.0982 46.232395),-119.0982,46.232395
L000197,Benton,Kennewick,WA,99337,POINT (-119.106637 46.173866),-119.106637,46.173866
L000198,Grant,Hartline,WA,99135,POINT (-119.108221 47.686919),-119.108221,47.686919
L000199,Benton,Kennewick,WA,99336,POINT (-119.113535 46.204945),-119.113535,46.204945
L000200,Franklin,Mesa,WA,99343,POINT (-119.134748 46.58913),-119.134748,46.58913
L000201,Ventura,Port Hueneme,CA,93041,POINT (-119.192955 34.15075),-119.192955,34.15075
L000202,Grant,Othello,WA,99344,POINT (-119.1988575 46.8171276),-119.1988575,46.8171276
L000203,Okanogan,Tonasket,WA,98855,POINT (-119.2397961 48.6677543),-119.2397961,48.6677543
L000204,Grant,Moses Lake,WA,98837,POINT (-119.2599876 47.1240154),-119.2599876,47.1240154
L000205,Benton,Kennewick,WA,99338,POINT (-119.260882 46.194303),-119.260882,46.194303
L000206,Grant,Stratford,WA,98853,POINT (-119.2833775 47.4258084),-119.2833775,47.4258084
L000207,Ventura,Ventura,CA,93001,POINT (-119.289265 34.280165),-119.289265,34.280165
L000208,Benton,Richland,WA,99354,POINT (-119.2905959 46.3041837),-119.2905959,46.3041837
L000209,Benton,Richland,WA,99352,POINT (-119.2952071 46.272495),-119.2952071,46.272495
L000210,Okanogan,Oroville,WA,98844,POINT (-119.3282408 48.9335881),-119.3282408,48.9335881
L000211,Grant,Coulee City,WA,99115,POINT (-119.359579 47.610329),-119.359579,47.610329
L000212,Benton,Plymouth,WA,99346,POINT (-119.3599856 45.9336308),-119.3599856,45.9336308
L000213,Benton,West Richland,WA,99353,POINT (-119.3627425 46.2950373),-119.3627425,46.2950373
L000214,Benton,Benton City,WA,99320,POINT (-119.473761 46.2672005),-119.473761,46.2672005
L000215,Grant,Soap Lake,WA,98851,POINT (-119.485115 47.38686),-119.485115,47.38686
L000216,Okanogan,Riverside,WA,98849,POINT (-119.5037972 48.4997596),-119.5037972,48.4997596
L000217,Okanogan,Omak,WA,98841,POINT (-119.529965 48.41147),-119.529965,48.41147
L000218,Grant,Ephrata,WA,98823,POINT (-119.55513 47.31936),-119.55513,47.31936
L000219,Okanogan,Okanogan,WA,98840,POINT (-119.5875704 48.3648226),-119.5875704,48.3648226
L000220,Benton,Paterson,WA,99345,POINT (-119.603094 45.939673),-119.603094,45.939673
L000221,Douglas,Mansfield,WA,98830,POINT (-119.6330487 47.8136389),-119.6330487,47.8136389
L000222,Grant,Royal City,WA,99357,POINT (-119.6369207 46.9019969),-119.6369207,46.9019969
L000223,Douglas,Bridgeport,WA,98813,POINT (-119.6733993 48.0071888),-119.6733993,48.0071888
L000224,Washoe,Reno,NV,89521,POINT (-119.7280247 39.4154826),-119.7280247,39.4154826
L000225,Benton,Prosser,WA,99350,POINT (-119.769315 46.204995),-119.769315,46.204995
L000226,Okanogan,Brewster,WA,98812,POINT (-119.7700262 48.1088997),-119.7700262,48.1088997
L000227,Kings,Lemoore,CA,93245,POINT (-119.783735 36.303825),-119.783735,36.303825
L000228,Grant,Quincy,WA,98848,POINT (-119.8493873 47.2339933),-119.8493873,47.2339933
L000229,Grant,Mattawa,WA,99349,POINT (-119.901675 46.7377996),-119.901675,46.7377996
L000230,Yakima,Grandview,WA,98930,POINT (-119.91556 46.249215),-119.91556,46.249215
L000231,Douglas,Palisades,WA,98845,POINT (-119.9267352 47.4014253),-119.9267352,47.4014253
L000232,Okanogan,Methow,WA,98846,POINT (-119.9423203 48.0572187),-119.9423203,48.0572187
L000233,Kittitas,Vantage,WA,98950,POINT (-119.9896406 46.944296),-119.9896406,46.944296
L000234,Yakima,Mabton,WA,98935,POINT (-119.9999786 46.2099605),-119.9999786,46.2099605
L000235,Okanogan,Methow,WA,98834,POINT (-120.0031377 48.1271792),-120.0031377,48.1271792
L000236,Yakima,Sunnyside,WA,98944,POINT (-120.0061707 46.3264238),-120.0061707,46.3264238
L000237,El Dorado,South Lake Tahoe,CA,96155,POINT (-120.015701 38.853407),-120.015701,38.853407
L000238,Chelan,Chelan,WA,98816,POINT (-120.0453013 47.8563197),-120.0453013,47.8563197
L000239,Douglas,Waterville,WA,98858,POINT (-120.0641847 47.6482741),-120.0641847,47.6482741
L000240,Yakima,Outlook,WA,98938,POINT (-120.0935442 46.3502944),-120.0935442,46.3502944
L000241,Okanogan,Carlton,WA,98814,POINT (-120.107652 48.2427634),-120.107652,48.2427634
L000242,Okanogan,Twisp,WA,98856,POINT (-120.1414067 48.367801),-120.1414067,48.367801
L000243,Douglas,Rock Island,WA,98850,POINT (-120.1426512 47.3731618),-120.1426512,47.3731618
L000244,Douglas,Orondo,WA,98843,POINT (-120.1436679 47.7713817),-120.1436679,47.7713817
L000245,Chelan,Manson,WA,98831,POINT (-120.147741 47.8988976),-120.147741,47.8988976
L000246,Yakima,Granger,WA,98932,POINT (-120.1934 46.345135),-120.1934,46.345135
L000247,Chelan,Malaga,WA,98828,POINT (-120.2037501 47.3533105),-120.2037501,47.3533105
L000248,Klickitat,Roosevelt,WA,99356,POINT (-120.2183886 45.7427072),-120.2183886,45.7427072
L000249,Okanogan,Winthrop,WA,98862,POINT (-120.2222424 48.4862039),-120.2222424,48.4862039
L000250,Yakima,Zillah,WA,98953,POINT (-120.26317 46.40556),-120.26317,46.40556
L000251,Chelan,Entiat,WA,98822,POINT (-120.285857 47.724605),-120.285857,47.724605
L000252,Douglas,East Wenatchee,WA,98802,POINT (-120.28674 47.4176),-120.28674,47.4176
L000253,Yakima,Toppenish,WA,98948,POINT (-120.31287 46.37534),-120.31287,46.37534
L000254,Chelan,Wenatchee,WA,98801,POINT (-120.32009 47.42255),-120.32009,47.42255
L000255,Yakima,Moxee,WA,98936,POINT (-120.3552229 46.550869),-120.3552229,46.550869
L000256,Kittitas,Kittitas,WA,98934,POINT (-120.4176095 46.9833746),-120.4176095,46.9833746
L000257,Okanogan,Mazama,WA,98833,POINT (-120.4267748 48.5934742),-120.4267748,48.5934742
L000258,Yakima,Wapato,WA,98951,POINT (-120.448617 46.4426932),-120.448617,46.4426932
L000259,Santa Barbara,Lompoc,CA,93436,POINT (-120.454675 34.642185),-120.454675,34.642185
L000260,Yakima,Yakima,WA,98901,POINT (-120.4688751 46.6046178),-120.4688751,46.6046178
L000261,Yakima,Yakima,WA,98903,POINT (-120.477805 46.553505),-120.477805,46.553505
L000262,Chelan,Cashmere,WA,98815,POINT (-120.4928912 47.5218431),-120.4928912,47.5218431
L000263,Yakima,Yakima,WA,98902,POINT (-120.524012 46.5973939),-120.524012,46.5973939
L000264,Kittitas,Ellensburg,WA,98926,POINT (-120.5264946 47.005576),-120.5264946,47.005576
L000265,Yakima,Selah,WA,98942,POINT (-120.54188 46.654175),-120.54188,46.654175
L000266,Chelan,Dryden,WA,98821,POINT (-120.5703533 47.5435177),-120.5703533,47.5435177
L000267,Chelan,Peshastin,WA,98847,POINT (-120.6051696 47.5510173),-120.6051696,47.5510173
L000268,Yakima,Yakima,WA,98908,POINT (-120.611068 46.596645),-120.611068,46.596645
L000269,Chelan,Leavenworth,WA,98826,POINT (-120.6860209 47.7095564),-120.6860209,47.7095564
L000270,Kittitas,Thorp,WA,98946,POINT (-120.6969809 47.0799262),-120.6969809,47.0799262
L000271,Yakima,White Swan,WA,98952,POINT (-120.7064666 46.3746898),-120.7064666,46.3746898
L000272,Yakima,Cowiche,WA,98923,POINT (-120.7161963 46.6655892),-120.7161963,46.6655892
L000273,Yakima,Naches,WA,98937,POINT (-120.7451856 46.7416386),-120.7451856,46.7416386
L000274,Yakima,Tieton,WA,98947,POINT (-120.7482919 46.7020975),-120.7482919,46.7020975
L000275,Klickitat,Goldendale,WA,98620,POINT (-120.812691 45.828116),-120.812691,45.828116
L000276,Kittitas,Cle Elum,WA,98922,POINT (-120.9347811 47.1944758),-120.9347811,47.1944758
L000277,Kittitas,South Cle Elum,WA,98943,POINT (-120.9510795 47.1861863),-120.9510795,47.1861863
L000278,Klickitat,Centerville,WA,98613,POINT (-120.9577092 45.7524259),-120.9577092,45.7524259
L000279,Kittitas,Roslyn,WA,98941,POINT (-120.9937015 47.222869),-120.9937015,47.222869
L000280,Kittitas,Ronald,WA,98940,POINT (-121.0570974 47.2574191),-121.0570974,47.2574191
L000281,Klickitat,Wahkiacus,WA,98670,POINT (-121.1275828 45.8668374),-121.1275828,45.8668374
L000282,Sacramento,Folsom,CA,95630,POINT (-121.17035 38.67356),-121.17035,38.67356
L000283,Kittitas,Easton,WA,98925,POINT (-121.176112 47.2367094),-121.176112,47.2367094
L000284,Klickitat,Murdock,WA,98617,POINT (-121.1783176 45.6174915),-121.1783176,45.6174915
L000285,Klickitat,Lyle,WA,98635,POINT (-121.2470359 45.7510651),-121.2470359,45.7510651
L000286,Placer,Roseville,CA,95661,POINT (-121.249098 38.741072),-121.249098,38.741072
L000287,Klickitat,Glenwood,WA,98619,POINT (-121.2925231 46.0184108),-121.2925231,46.0184108
L000288,King,Skykomish,WA,98288,POINT (-121.3552836 47.7078898),-121.3552836,47.7078898
L000289,Yuba,Beale Afb,CA,95903,POINT (-121.3847971 39.1203191),-121.3847971,39.1203191
L000290,Skagit,Marblemount,WA,98267,POINT (-121.408017 48.526463),-121.408017,48.526463
L000291,Kittitas,Snoqualmie Pass,WA,98068,POINT (-121.4133603 47.4230731),-121.4133603,47.4230731
L000292,Klickitat,Bingen,WA,98605,POINT (-121.474097 45.718776),-121.474097,45.718776
L000293,King,Baring,WA,98224,POINT (-121.481175 47.768185),-121.481175,47.768185
L000294,Klickitat,White Salmon,WA,98672,POINT (-121.4862053 45.7416897),-121.4862053,45.7416897
L000295,Klickitat,Trout Lake,WA,98650,POINT (-121.5002892 45.9704561),-121.5002892,45.9704561
L000296,Sacramento,Sacramento,CA,95833,POINT (-121.50078 38.613604),-121.50078,38.613604
L000297,Sacramento,Sacramento,CA,95834,POINT (-121.539705 38.648765),-121.539705,38.648765
L000298,Skagit,Rockport,WA,98283,POINT (-121.5459322 48.4952906),-121.5459322,48.4952906
L000299,Skamania,Underwood,WA,98651,POINT (-121.548538 45.741078),-121.548538,45.741078
L000300,Snohomish,Index,WA,98256,POINT (-121.5536311 47.8203089),-121.5536311,47.8203089
L000301,Snohomish,Darrington,WA,98241,POINT (-121.604165 48.252975),-121.604165,48.252975
L000302,Snohomish,Gold Bar,WA,98251,POINT (-121.6339493 47.8380285),-121.6339493,47.8380285
L000303,Lewis,Packwood,WA,98361,POINT (-121.66915 46.60968),-121.66915,46.60968
L000304,Yolo,Davis,CA,95618,POINT (-121.7082204 38.5543093),-121.7082204,38.5543093
L000305,Skagit,Concrete,WA,98237,POINT (-121.7600599 48.5184445),-121.7600599,48.5184445
L000306,King,North Bend,WA,98045,POINT (-121.7705205 47.4816922),-121.7705205,47.4816922
L000307,Monterey,Marina,CA,93933,POINT (-121.7893695 36.6798472),-121.7893695,36.6798472
L000308,Snohomish,Sultan,WA,98294,POINT (-121.7937672 47.8691441),-121.7937672,47.8691441
L000309,Monterey,Seaside,CA,93955,POINT (-121.831434 36.614732),-121.831434,36.614732
L000310,Skamania,Carson,WA,98610,POINT (-121.8354278 45.7578035),-121.8354278,45.7578035
L000311,King,Snoqualmie,WA,98065,POINT (-121.8740496 47.5345546),-121.8740496,47.5345546
L000312,Monterey,Monterey,CA,93940,POINT (-121.8799632 36.594353),-121.8799632,36.594353
L000313,Contra Costa,Pittsburg,CA,94565,POINT (-121.884755 38.02894),-121.884755,38.02894
L000314,Santa Clara,San Jose,CA,95112,POINT (-121.88587 37.341407),-121.88587,37.341407
L000315,Santa Clara,San Jose,CA,95131,POINT (-121.894448 37.386433),-121.894448,37.386433
L000316,Skamania,Stevenson,WA,98648,POINT (-121.8995658 45.6906452),-121.8995658,45.6906452
L000317,King,Fall City,WA,98024,POINT (-121.903093 47.567116),-121.903093,47.567116
L000318,Monterey,Pacific Grove,CA,93950,POINT (-121.91775 36.618),-121.91775,36.618
L000319,Lewis,Randle,WA,98377,POINT (-121.920025 46.53731),-121.920025,46.53731
L000320,King,Carnation,WA,98014,POINT (-121.921987 47.65881),-121.921987,47.65881
L000321,King,Maple Valley,WA,98051,POINT (-121.9263609 47.3554053),-121.9263609,47.3554053
L000322,King,Preston,WA,98050,POINT (-121.9316383 47.53524),-121.9316383,47.53524
L000323,Santa Clara,San Jose,CA,95134,POINT (-121.937448 37.408352),-121.937448,37.408352
L000324,Solano,Travis Afb,CA,94535,POINT (-121.944912 38.270839),-121.944912,38.270839
L000325,Snohomish,Granite Falls,WA,98252,POINT (-121.9450548 48.0763266),-121.9450548,48.0763266
L000326,King,Duvall,WA,98019,POINT (-121.956372 47.735604),-121.956372,47.735604
L000327,Alameda,Fremont,CA,94538,POINT (-121.96153 37.533545),-121.96153,37.533545
L000328,Snohomish,Monroe,WA,98272,POINT (-121.972215 47.85674),-121.972215,47.85674
L000329,Skamania,North Bonneville,WA,98639,POINT (-121.9738144 45.6397193),-121.9738144,45.6397193
L000330,Santa Clara,Santa Clara,CA,95051,POINT (-121.986781 37.349727),-121.986781,37.349727
L000331,King,Enumclaw,WA,98022,POINT (-121.98953 47.20347),-121.98953,47.20347
L000332,Skagit,Hamilton,WA,98255,POINT (-121.9902205 48.5242391),-121.9902205,48.5242391
L000333,Santa Cruz,Santa Cruz,CA,95062,POINT (-121.99185 36.974825),-121.99185,36.974825
L000334,Solano,Vacaville,CA,95688,POINT (-121.993505 38.353465),-121.993505,38.353465
L000335,King,Issaquah,WA,98029,POINT (-121.9993659 47.5484866),-121.9993659,47.5484866
L000336,King,Black Diamond,WA,98010,POINT (-122.014858 47.312069),-122.014858,47.312069
L000337,Lewis,Ashford,WA,98304,POINT (-122.0187185 46.7560603),-122.0187185,46.7560603
L000338,Pierce,Buckley,WA,98321,POINT (-122.029685 47.161465),-122.029685,47.161465
L000339,King,Sammamish,WA,98053,POINT (-122.030684 47.669552),-122.030684,47.669552
L000340,King,Maple Valley,WA,98038,POINT (-122.0310296 47.3861675),-122.0310296,47.3861675
L000341,King,Sammamish,WA,98074,POINT (-122.0313266 47.6285782),-122.0313266,47.6285782
L000342,King,Sammamish,WA,98075,POINT (-122.03309 47.58153),-122.03309,47.58153
L000343,King,Issaquah,WA,98027,POINT (-122.03646 47.534065),-122.03646,47.534065
L000344,Santa Clara,Cupertino,CA,95014,POINT (-122.036749 37.318549),-122.036749,37.318549
L000345,Snohomish,Snohomish,WA,98290,POINT (-122.0483457 47.9435765),-122.0483457,47.9435765
L000346,Pierce,Carbonado,WA,98323,POINT (-122.052435 47.07902),-122.052435,47.07902
L000347,Pierce,Wilkeson,WA,98396,POINT (-122.0527005 47.109146868),-122.0527005,47.109146868
L000348,Skagit,Lyman,WA,98263,POINT (-122.0597821 48.5255496),-122.0597821,48.5255496
L000349,Snohomish,Woodinville,WA,98077,POINT (-122.071404 47.749164),-122.071404,47.749164
L000350,Pierce,South Prairie,WA,98385,POINT (-122.096795 47.137975),-122.096795,47.137975
L000351,Santa Clara,Palo Alto,CA,94303,POINT (-122.10567 37.424955),-122.10567,37.424955
L000352,Snohomish,Lake Stevens,WA,98258,POINT (-122.112265 48.0047),-122.112265,48.0047
L000353,King,Covington,WA,98042,POINT (-122.1145138 47.3581107),-122.1145138,47.3581107
L000354,Snohomish,Arlington,WA,98223,POINT (-122.11597 48.194109),-122.11597,48.194109
L000355,King,Bellevue,WA,98008,POINT (-122.11832 47.6245),-122.11832,47.6245
L000356,King,Redmond,WA,98052,POINT (-122.1207376 47.6705374),-122.1207376,47.6705374
L000357,Contra Costa,Lafayette,CA,94549,POINT (-122.1207949 37.8918392),-122.1207949,37.8918392
L000358,Snohomish,Snohomish,WA,98296,POINT (-122.121841 47.841036),-122.121841,47.841036
L000359,Lewis,Glenoma,WA,98336,POINT (-122.1228547 46.5337193),-122.1228547,46.5337193
L000360,Contra Costa,Moraga,CA,94556,POINT (-122.1231453 37.8388925),-122.1231453,37.8388925
L000361,King,Renton,WA,98058,POINT (-122.1298876 47.4451257),-122.1298876,47.4451257
L000362,Contra Costa,Martinez,CA,94553,POINT (-122.13353 38.013905),-122.13353,38.013905
L000363,King,Renton,WA,98059,POINT (-122.134502 47.492627),-122.134502,47.492627
L000364,Whatcom,Maple Falls,WA,98266,POINT (-122.1439128 48.9395869),-122.1439128,48.9395869
L000365,King,Bellevue,WA,98007,POINT (-122.147385 47.599975),-122.147385,47.599975
L000366,King,Woodinville,WA,98072,POINT (-122.151665 47.75855),-122.151665,47.75855
L000367,Santa Clara,Palo Alto,CA,94301,POINT (-122.15933 37.44612),-122.15933,37.44612
L000368,Solano,Benicia,CA,94510,POINT (-122.161145 38.066164),-122.161145,38.066164
L000369,King,Bellevue,WA,98005,POINT (-122.167394 47.614119),-122.167394,47.614119
L000370,King,Bellevue,WA,98006,POINT (-122.16937 47.571015),-122.16937,47.571015
L000371,Snohomish,Marysville,WA,98270,POINT (-122.17673 48.05542),-122.17673,48.05542
L000372,King,Renton,WA,98056,POINT (-122.1819876 47.5098889),-122.1819876,47.5098889
L000373,King,Auburn,WA,98092,POINT (-122.1820969 47.3198995),-122.1820969,47.3198995
L000374,Lewis,Mineral,WA,98355,POINT (-122.18336 46.717785),-122.18336,46.717785
L000375,Pierce,Bonney Lake,WA,98391,POINT (-122.183805 47.18062),-122.183805,47.18062
L000376,Snohomish,Bothell,WA,98012,POINT (-122.1873 47.820245),-122.1873,47.820245
L000377,Whatcom,Acme,WA,98220,POINT (-122.1908341 48.6928748),-122.1908341,48.6928748
L000378,Pierce,Elbe,WA,98330,POINT (-122.1930968 46.7652553),-122.1930968,46.7652553
L000379,King,Renton,WA,98055,POINT (-122.197 47.43876),-122.197,47.43876
L000380,San Mateo,Atherton,CA,94027,POINT (-122.198895 37.46155),-122.198895,37.46155
L000381,King,Kent,WA,98030,POINT (-122.199755 47.37483),-122.199755,47.37483
L000382,King,Kent,WA,98031,POINT (-122.2012521 47.3931814),-122.2012521,47.3931814
L000383,King,Bellevue,WA,98004,POINT (-122.202397 47.619252),-122.202397,47.619252
L000384,King,Kirkland,WA,98033,POINT (-122.20264 47.6785),-122.20264,47.6785
L000385,Pierce,Orting,WA,98360,POINT (-122.2032237 47.0942956),-122.2032237,47.0942956
L000386,King,Bothell,WA,98011,POINT (-122.20578 47.762405),-122.20578,47.762405
L000387,Skagit,Sedro-Woolley,WA,98284,POINT (-122.206642 48.532503),-122.206642,48.532503
L000388,Snohomish,Everett,WA,98201,POINT (-122.20722 47.979935),-122.20722,47.979935
L000389,King,Kirkland,WA,98034,POINT (-122.209285 47.71124),-122.209285,47.71124
L000390,King,Renton,WA,98057,POINT (-122.21024 47.4797047),-122.21024,47.4797047
L000391,Snohomish,Bothell,WA,98021,POINT (-122.2107298 47.7977268),-122.2107298,47.7977268
L000392,Whatcom,Glacier,WA,98244,POINT (-122.2121108 48.8228838),-122.2121108,48.8228838
L000393,Snohomish,Marysville,WA,98271,POINT (-122.214081 48.102812),-122.214081,48.102812
L000394,King,Auburn,WA,98002,POINT (-122.222855 47.305065),-122.222855,47.305065
L000395,San Mateo,Redwood City,CA,94063,POINT (-122.223965 37.48549),-122.223965,37.48549
L000396,Pierce,Kapowsin,WA,98344,POINT (-122.223984 46.986084),-122.223984,46.986084
L000397,Snohomish,Everett,WA,98208,POINT (-122.2247757 47.9156409),-122.2247757,47.9156409
L000398,Snohomish,Everett,WA,98203,POINT (-122.225874 47.945309),-122.225874,47.945309
L000399,King,Mercer Island,WA,98040,POINT (-122.2283088 47.5737238),-122.2283088,47.5737238
L000400,Whatcom,Sumas,WA,98295,POINT (-122.2352564 48.9769756),-122.2352564,48.9769756
L000401,King,Kent,WA,98032,POINT (-122.235475 47.3809),-122.235475,47.3809
L000402,King,Medina,WA,98039,POINT (-122.2363532 47.621118),-122.2363532,47.621118
L000403,Skagit,Clearlake,WA,98235,POINT (-122.2366265 48.4606536),-122.2366265,48.4606536
L000404,Pierce,Sumner,WA,98390,POINT (-122.23825 47.201625),-122.23825,47.201625
L000405,Alameda,Alameda,CA,94501,POINT (-122.238665 37.76311),-122.238665,37.76311
L000406,Snohomish,Everett,WA,98204,POINT (-122.240535 47.91139),-122.240535,47.91139
L000407,King,Seattle,WA,98178,POINT (-122.2453 47.499708),-122.2453,47.499708
L000408,King,Kenmore,WA,98028,POINT (-122.2478069 47.75817),-122.2478069,47.75817
L000409,King,Pacific,WA,98047,POINT (-122.2509349 47.25013),-122.2509349,47.25013
L000410,Pierce,Eatonville,WA,98328,POINT (-122.270565 46.86822),-122.270565,46.86822
L000411,King,Tukwila,WA,98188,POINT (-122.271716 47.452837),-122.271716,47.452837
L000412,Snohomish,Lynnwood,WA,98087,POINT (-122.27336 47.861417),-122.27336,47.861417
L000413,King,Seattle,WA,98118,POINT (-122.2753318 47.5411053),-122.2753318,47.5411053
L000414,Pierce,South Hill,WA,98374,POINT (-122.275748 47.1395924),-122.275748,47.1395924
L000415,Lewis,Morton,WA,98356,POINT (-122.27838 46.556285),-122.27838,46.556285
L000416,Alameda,Berkeley,CA,94707,POINT (-122.2786898 37.8993202),-122.2786898,37.8993202
L000417,Snohomish,Lynnwood,WA,98037,POINT (-122.283973 47.838697),-122.283973,47.838697
L000418,King,Auburn,WA,98001,POINT (-122.2849393 47.3384055),-122.2849393,47.3384055
L000419,King,Burien,WA,98168,POINT (-122.286465 47.476),-122.286465,47.476
L000420,Snohomish,Lynnwood,WA,98036,POINT (-122.287143 47.812199),-122.287143,47.812199
L000421,Pierce,Edgewood,WA,98372,POINT (-122.28718 47.190465),-122.28718,47.190465
L000422,Skagit,Mount Vernon,WA,98274,POINT (-122.2881784 48.4128748),-122.2881784,48.4128748
L000423,Cowlitz,Cougar,WA,98616,POINT (-122.2885884 46.0588962),-122.2885884,46.0588962
L000424,Pierce,Graham,WA,98338,POINT (-122.2953401 47.0763961),-122.2953401,47.0763961
L000425,King,Seatac,WA,98158,POINT (-122.2965536 47.4433074),-122.2965536,47.4433074
L000426,Alameda,Berkeley,CA,94710,POINT (-122.298305 37.873415),-122.298305,37.873415
L000427,Pierce,South Hill,WA,98373,POINT (-122.2987976 47.13795),-122.2987976,47.13795
L000428,Pierce,Puyallup,WA,98371,POINT (-122.299155 47.19178),-122.299155,47.19178
L000429,Snohomish,Mukilteo,WA,98275,POINT (-122.29943 47.912654),-122.29943,47.912654
L000430,King,Seattle,WA,98112,POINT (-122.300312 47.629782),-122.300312,47.629782
L000431,King,Seattle,WA,98125,POINT (-122.304356 47.715668),-122.304356,47.715668
L000432,King,Seattle,WA,98144,POINT (-122.30823 47.581975),-122.30823,47.581975
L000433,King,Seattle,WA,98122,POINT (-122.30839 47.610365),-122.30839,47.610365
L000434,Snohomish,Mountlake Terrace,WA,98043,POINT (-122.30842 47.78416),-122.30842,47.78416
L000435,Pierce,Puyallup,WA,98375,POINT (-122.3085456 47.1042426),-122.3085456,47.1042426
L000436,King,Federal Way,WA,98003,POINT (-122.31327 47.32309),-122.31327,47.32309
L000437,King,Shoreline,WA,98155,POINT (-122.3175 47.7578146),-122.3175,47.7578146
L000438,King,Milton,WA,98354,POINT (-122.31774 47.246525),-122.31774,47.246525
L000439,King,Seattle,WA,98115,POINT (-122.3185 47.67949),-122.3185,47.67949
L000440,Snohomish,Everett,WA,98206,POINT (-122.319018929 48.01306),-122.319018929,48.01306
L000441,King,Seattle,WA,98105,POINT (-122.319115 47.66132),-122.319115,47.66132
L000442,King,Seatac,WA,98198,POINT (-122.3219166 47.4013897),-122.3219166,47.4013897
L000443,King,Seattle,WA,98102,POINT (-122.32226 47.64058),-122.32226,47.64058
L000444,Whatcom,Nooksack,WA,98276,POINT (-122.3239486 48.9260491),-122.3239486,48.9260491
L000445,Snohomish,Stanwood,WA,98292,POINT (-122.326873 48.2144825),-122.326873,48.2144825
L000446,King,Seattle,WA,98108,POINT (-122.3268963 47.5499519),-122.3268963,47.5499519
L000447,King,Des Moines,WA,98148,POINT (-122.32863 47.46233),-122.32863,47.46233
L000448,King,Seattle,WA,98124,POINT (-122.329075 47.581125),-122.329075,47.581125
L000449,King,Seattle,WA,98104,POINT (-122.329075 47.6018),-122.329075,47.6018
L000450,King,Seattle,WA,98134,POINT (-122.329815 47.57981),-122.329815,47.57981
L000451,Skagit,Burlington,WA,98233,POINT (-122.33079 48.474765),-122.33079,48.474765
L000452,King,Seattle,WA,98164,POINT (-122.332305 47.605467),-122.332305,47.605467
L000453,King,Seattle,WA,98101,POINT (-122.335345 47.61079),-122.335345,47.61079
L000454,Snohomish,Edmonds,WA,98026,POINT (-122.335685 47.80372),-122.335685,47.80372
L000455,Skagit,Mount Vernon,WA,98273,POINT (-122.338975 48.41333),-122.338975,48.41333
L000456,King,Burien,WA,98166,POINT (-122.341345 47.465925),-122.341345,47.465925
L000457,King,Seattle,WA,98121,POINT (-122.344125 47.61546),-122.344125,47.61546
L000458,King,Seattle,WA,98109,POINT (-122.3441532 47.6305366),-122.3441532,47.6305366
L000459,King,Seattle,WA,98133,POINT (-122.34584 47.76726),-122.34584,47.76726
L000460,King,Seattle,WA,98103,POINT (-122.3499053 47.673887),-122.3499053,47.673887
L000461,Clark,Washougal,WA,98671,POINT (-122.35465 45.58359),-122.35465,45.58359
L000462,King,Seattle,WA,98146,POINT (-122.3551826 47.5000521),-122.3551826,47.5000521
L000463,King,Seattle,WA,98106,POINT (-122.3570816 47.5337116),-122.3570816,47.5337116
L000464,Pierce,Fife,WA,98424,POINT (-122.36151 47.241885),-122.36151,47.241885
L000465,Whatcom,Everson,WA,98247,POINT (-122.3616332 48.9071317),-122.3616332,48.9071317
L000466,King,Federal Way,WA,98023,POINT (-122.36363 47.30675),-122.36363,47.30675
L000467,Pierce,Tacoma,WA,98443,POINT (-122.364635 47.19449),-122.364635,47.19449
L000468,King,Seattle,WA,98119,POINT (-122.36731 47.6377681),-122.36731,47.6377681
L000469,King,Shoreline,WA,98177,POINT (-122.3691687 47.7403542),-122.3691687,47.7403542
L000470,King,Seattle,WA,98126,POINT (-122.374105 47.54468),-122.374105,47.54468
L000471,Snohomish,Edmonds,WA,98020,POINT (-122.3757836 47.800042),-122.3757836,47.800042
L000472,Pierce,Parkland,WA,98446,POINT (-122.377475 47.096645),-122.377475,47.096645
L000473,King,Seattle,WA,98117,POINT (-122.377938 47.690166),-122.377938,47.690166
L000474,King,Seattle,WA,98107,POINT (-122.37815 47.66866),-122.37815,47.66866
L000475,Pierce,Tacoma,WA,98422,POINT (-122.38578 47.28971),-122.38578,47.28971
L000476,King,Seattle,WA,98136,POINT (-122.3894209 47.5407358),-122.3894209,47.5407358
L000477,King,Seattle,WA,98199,POINT (-122.394937 47.649547),-122.394937,47.649547
L000478,King,Seattle,WA,98116,POINT (-122.395519 47.572137),-122.395519,47.572137
L000479,Pierce,Spanaway,WA,98387,POINT (-122.3988925 47.0752582),-122.3988925,47.0752582
L000480,Pierce,Tacoma,WA,98421,POINT (-122.40594 47.261725),-122.40594,47.261725
L000481,Pierce,Tacoma,WA,98445,POINT (-122.40872 47.165675),-122.40872,47.165675
L000482,Pierce,Tacoma,WA,98404,POINT (-122.4096963 47.2174975),-122.4096963,47.2174975
L000483,Island,Clinton,WA,98236,POINT (-122.4159028 47.9560682),-122.4159028,47.9560682
L000484,Skagit,Bow,WA,98232,POINT (-122.4202542 48.5607175),-122.4202542,48.5607175
L000485,Clark,Camas,WA,98607,POINT (-122.4220033 45.6092439),-122.4220033,45.6092439
L000486,Clark,Yacolt,WA,98675,POINT (-122.4266427 45.8619031),-122.4266427,45.8619031
L000487,Pierce,Tacoma,WA,98401,POINT (-122.437085 47.25303),-122.437085,47.25303
L000488,Pierce,Tacoma,WA,98408,POINT (-122.438105 47.20322),-122.438105,47.20322
L000489,Pierce,Tacoma,WA,98444,POINT (-122.43827 47.153995),-122.43827,47.153995
L000490,Pierce,Tacoma,WA,98418,POINT (-122.439165 47.22468),-122.439165,47.22468
L000491,Island,Langley,WA,98260,POINT (-122.4401957 48.0192938),-122.4401957,48.0192938
L000492,Pierce,Tacoma,WA,98402,POINT (-122.44131 47.25207),-122.44131,47.25207
L000493,Whatcom,Bellingham,WA,98229,POINT (-122.442974 48.729016),-122.442974,48.729016
L000494,Clark,Amboy,WA,98601,POINT (-122.4448356 45.921804),-122.4448356,45.921804
L000495,Cowlitz,Ariel,WA,98603,POINT (-122.448185 45.990659),-122.448185,45.990659
L000496,Pierce,Tacoma,WA,98405,POINT (-122.45153 47.251135),-122.45153,47.251135
L000497,Whatcom,Lynden,WA,98264,POINT (-122.4584536 48.9461196),-122.4584536,48.9461196
L000498,Pierce,Tacoma,WA,98403,POINT (-122.460375 47.26455),-122.460375,47.26455
L000499,Whatcom,Bellingham,WA,98226,POINT (-122.464218 48.79135),-122.464218,48.79135
L000500,King,Vashon,WA,98070,POINT (-122.466938 47.429244),-122.466938,47.429244
L000501,Pierce,Tacoma,WA,98411,POINT (-122.473578 47.2201578),-122.473578,47.2201578
L000502,Clark,Brush Prairie,WA,98606,POINT (-122.4767202 45.7381698),-122.4767202,45.7381698
L000503,Pierce,Tacoma,WA,98409,POINT (-122.47913 47.2198),-122.47913,47.2198
L000504,Pierce,Tacoma,WA,98416,POINT (-122.479714 47.263651),-122.479714,47.263651
L000505,Island,Camano Island,WA,98282,POINT (-122.4842001 48.2013985),-122.4842001,48.2013985
L000506,Marin,Sausalito,CA,94965,POINT (-122.4860985 37.8536842),-122.4860985,37.8536842
L000507,Whatcom,Bellingham,WA,98225,POINT (-122.486115 48.761615),-122.486115,48.761615
L000508,Pierce,Joint Base Lewis Mcchord,WA,98438,POINT (-122.4872326 47.1332853),-122.4872326,47.1332853
L000509,Lewis,Mossyrock,WA,98564,POINT (-122.487535 46.5290135),-122.487535,46.5290135
L000510,Pierce,Tacoma,WA,98406,POINT (-122.490985 47.26365),-122.490985,47.26365
L000511,Lewis,Silver Creek,WA,98585,POINT (-122.5000729 46.5596671),-122.5000729,46.5596671
L000512,Skagit,La Conner,WA,98257,POINT (-122.5009593 48.3900919),-122.5009593,48.3900919
L000513,Pierce,Tacoma,WA,98407,POINT (-122.5113356 47.2923828),-122.5113356,47.2923828
L000514,Clark,Vancouver,WA,98683,POINT (-122.515805 45.604689),-122.515805,45.604689
L000515,Clark,Vancouver,WA,98684,POINT (-122.51692 45.6228),-122.51692,45.6228
L000516,Kitsap,Kingston,WA,98346,POINT (-122.5178351 47.7981436),-122.5178351,47.7981436
L000517,Pierce,Lakewood,WA,98499,POINT (-122.5181098 47.1712579),-122.5181098,47.1712579
L000518,Pierce,Roy,WA,98580,POINT (-122.522985 46.9876),-122.522985,46.9876
L000519,Kitsap,Indianola,WA,98342,POINT (-122.523855 47.75235),-122.523855,47.75235
L000520,Marin,San Rafael,CA,94901,POINT (-122.5260879 37.9702346),-122.5260879,37.9702346
L000521,Lewis,Cinebar,WA,98533,POINT (-122.5278704 46.5863832),-122.5278704,46.5863832
L000522,Clark,Vancouver,WA,98682,POINT (-122.5286031 45.6686601),-122.5286031,45.6686601
L000523,Pierce,Lakewood,WA,98439,POINT (-122.529685 47.127165),-122.529685,47.127165
L000524,Kitsap,Bainbridge Island,WA,98110,POINT (-122.5305071 47.6400595),-122.5305071,47.6400595
L000525,Clark,Battle Ground,WA,98604,POINT (-122.53218 45.77945),-122.53218,45.77945
L000526,Pierce,Tacoma,WA,98465,POINT (-122.535405 47.24991),-122.535405,47.24991
L000527,Pierce,Fircrest,WA,98466,POINT (-122.537565 47.231645),-122.537565,47.231645
L000528,Pierce,University Place,WA,98467,POINT (-122.5404512 47.2074166),-122.5404512,47.2074166
L000529,Island,Freeland,WA,98249,POINT (-122.545737 48.018194),-122.545737,48.018194
L000530,Pierce,Lakewood,WA,98498,POINT (-122.547645 47.176685),-122.547645,47.176685
L000531,Kitsap,Suquamish,WA,98392,POINT (-122.55717 47.733415),-122.55717,47.733415
L000532,Kitsap,Hansville,WA,98340,POINT (-122.5638082 47.8995458),-122.5638082,47.8995458
L000533,Pierce,Tacoma,WA,98493,POINT (-122.564299 47.142313),-122.564299,47.142313
L000534,Island,Greenbank,WA,98253,POINT (-122.566915 48.089609),-122.566915,48.089609
L000535,Kitsap,Olalla,WA,98359,POINT (-122.5730403 47.4282964),-122.5730403,47.4282964
L000536,Clark,Vancouver,WA,98664,POINT (-122.575383 45.620105),-122.575383,45.620105
L000537,Clark,Vancouver,WA,98662,POINT (-122.579351 45.671668),-122.579351,45.671668
L000538,Pierce,Gig Harbor,WA,98335,POINT (-122.5835454 47.3234488),-122.5835454,47.3234488
L000539,Pierce,Gig Harbor,WA,98332,POINT (-122.589645 47.342345),-122.589645,47.342345
L000540,Pierce,Joint Base Lewis Mcchord,WA,98433,POINT (-122.596275 47.097005),-122.596275,47.097005
L000541,Pierce,Steilacoom,WA,98388,POINT (-122.5970685 47.1686632),-122.5970685,47.1686632
L000542,Whatcom,Ferndale,WA,98248,POINT (-122.6011039 48.85324),-122.6011039,48.85324
L000543,Kitsap,Port Orchard,WA,98366,POINT (-122.6064912 47.5236145),-122.6064912,47.5236145
L000544,Pierce,Fox Island,WA,98333,POINT (-122.6066806 47.2254086),-122.6066806,47.2254086
L000545,Thurston,Yelm,WA,98597,POINT (-122.61023 46.94126),-122.61023,46.94126
L000546,Kitsap,Bremerton,WA,98310,POINT (-122.611365 47.575195),-122.611365,47.575195
L000547,Multnomah,Portland,OR,97213,POINT (-122.61347 45.53652),-122.61347,45.53652
L000548,Kitsap,Keyport,WA,98345,POINT (-122.6250117 47.7021263),-122.6250117,47.7021263
L000549,Clark,Vancouver,WA,98686,POINT (-122.626623 45.711724),-122.626623,45.711724
L000550,Lewis,Salkum,WA,98582,POINT (-122.62985 46.53179),-122.62985,46.53179
L000551,Clark,La Center,WA,98629,POINT (-122.631475 45.887713),-122.631475,45.887713
L000552,Skagit,Anacortes,WA,98221,POINT (-122.6330168 48.4948674),-122.6330168,48.4948674
L000553,Kitsap,Bremerton,WA,98337,POINT (-122.635905 47.57097),-122.635905,47.57097
L000554,Kitsap,Bremerton,WA,98311,POINT (-122.636245 47.62806),-122.636245,47.62806
L000555,Kitsap,Poulsbo,WA,98370,POINT (-122.6368884 47.7469547),-122.6368884,47.7469547
L000556,Whatcom,Custer,WA,98240,POINT (-122.637364 48.952558),-122.637364,48.952558
L000557,Clark,Vancouver,WA,98661,POINT (-122.641835 45.638545),-122.641835,45.638545
L000558,Multnomah,Portland,OR,97214,POINT (-122.642852 45.515753),-122.642852,45.515753
L000559,Pierce,Dupont,WA,98327,POINT (-122.643815 47.097455),-122.643815,47.097455
L000560,Island,Oak Harbor,WA,98277,POINT (-122.6447164 48.3015146),-122.6447164,48.3015146
L000561,Kitsap,Bremerton,WA,98314,POINT (-122.6470598 47.5591512),-122.6470598,47.5591512
L000562,Kitsap,Bremerton,WA,98312,POINT (-122.65223 47.57192),-122.65223,47.57192
L000563,Kitsap,Port Orchard,WA,98367,POINT (-122.6530052 47.4739066),-122.6530052,47.4739066
L000564,Island,Coupeville,WA,98239,POINT (-122.6591616 48.1982108),-122.6591616,48.1982108
L000565,Clark,Vancouver,WA,98665,POINT (-122.6615789 45.6809862),-122.6615789,45.6809862
L000566,Kitsap,Gig Harbor,WA,98329,POINT (-122.6657985 47.383359),-122.6657985,47.383359
L000567,Clark,Vancouver,WA,98663,POINT (-122.666325 45.641205),-122.666325,45.641205
L000568,Kitsap,Silverdale,WA,98383,POINT (-122.668076 47.665978),-122.668076,47.665978
L000569,Clark,Vancouver,WA,98660,POINT (-122.6789987 45.6365338),-122.6789987,45.6365338
L000570,Pierce,Anderson Island,WA,98303,POINT (-122.68607 47.158295),-122.68607,47.158295
L000571,Whatcom,Lummi Island,WA,98262,POINT (-122.68854 48.726956),-122.68854,48.726956
L000572,Thurston,Rainier,WA,98576,POINT (-122.6898776 46.8908492),-122.6898776,46.8908492
L000573,Jefferson,Port Ludlow,WA,98365,POINT (-122.6906277 47.909901),-122.6906277,47.909901
L000574,Jefferson,Nordland,WA,98358,POINT (-122.691102 48.0485113),-122.691102,48.0485113
L000575,Clark,Ridgefield,WA,98642,POINT (-122.6958231 45.804249),-122.6958231,45.804249
L000576,Cowlitz,Toutle,WA,98649,POINT (-122.6979543 46.325655),-122.6979543,46.325655
L000577,Clark,Vancouver,WA,98685,POINT (-122.70302 45.703706),-122.70302,45.703706
L000578,Kitsap,Silverdale,WA,98315,POINT (-122.7105032 47.6935812),-122.7105032,47.6935812
L000579,Lewis,Ethel,WA,98542,POINT (-122.71614 46.5308781),-122.71614,46.5308781
L000580,Lewis,Onalaska,WA,98570,POINT (-122.71921 46.577),-122.71921,46.577
L000581,Cowlitz,Woodland,WA,98674,POINT (-122.73125 45.923065),-122.73125,45.923065
L000582,Whatcom,Blaine,WA,98230,POINT (-122.7318295 48.953176),-122.7318295,48.953176
L000583,Sonoma,Santa Rosa,CA,95401,POINT (-122.745766 38.445212),-122.745766,38.445212
L000584,Jefferson,Port Hadlock,WA,98339,POINT (-122.7633713 48.0369567),-122.7633713,48.0369567
L000585,Jefferson,Port Townsend,WA,98368,POINT (-122.7644197 48.1195874),-122.7644197,48.1195874
L000586,Pierce,Lakebay,WA,98349,POINT (-122.7658848 47.2739449),-122.7658848,47.2739449
L000587,Cowlitz,Silverlake,WA,98645,POINT (-122.7673132 46.3239775),-122.7673132,46.3239775
L000588,Pierce,Vaughn,WA,98394,POINT (-122.769655 47.320505),-122.769655,47.320505
L000589,Jefferson,Chimacum,WA,98325,POINT (-122.7710565 47.9805812),-122.7710565,47.9805812
L000590,Pierce,Longbranch,WA,98351,POINT (-122.7736637 47.1835998),-122.7736637,47.1835998
L000591,Thurston,Lacey,WA,98516,POINT (-122.78083 47.083975),-122.78083,47.083975
L000592,San Juan,Olga,WA,98279,POINT (-122.7973833 48.6366623),-122.7973833,48.6366623
L000593,Cowlitz,Kalama,WA,98625,POINT (-122.8116866 45.9959901),-122.8116866,45.9959901
L000594,Thurston,Olympia,WA,98513,POINT (-122.817545 46.98876),-122.817545,46.98876
L000595,Thurston,Olympia,WA,98503,POINT (-122.8285 47.03646),-122.8285,47.03646
L000596,Mason,Allyn,WA,98524,POINT (-122.8386266 47.3819798),-122.8386266,47.3819798
L000597,Lewis,Toledo,WA,98591,POINT (-122.846675 46.44142),-122.846675,46.44142
L000598,Jefferson,Quilcene,WA,98376,POINT (-122.8484397 47.8157721),-122.8484397,47.8157721
L000599,Thurston,Tenino,WA,98589,POINT (-122.85403 46.856085),-122.85403,46.856085
L000600,Sonoma,Healdsburg,CA,95448,POINT (-122.8696164 38.6171774),-122.8696164,38.6171774
L000601,Thurston,Bucoda,WA,98530,POINT (-122.872497218 46.794825),-122.872497218,46.794825
L000602,Kitsap,Seabeck,WA,98380,POINT (-122.8728334 47.5798304),-122.8728334,47.5798304
L000603,Mason,Belfair,WA,98528,POINT (-122.8732523 47.4330039),-122.8732523,47.4330039
L000604,San Juan,Lopez Island,WA,98261,POINT (-122.8826643 48.5053168),-122.8826643,48.5053168
L000605,Thurston,Olympia,WA,98506,POINT (-122.8874781 47.0519573),-122.8874781,47.0519573
L000606,Cowlitz,Castle Rock,WA,98611,POINT (-122.893877 46.2844051),-122.893877,46.2844051
L000607,Thurston,Olympia,WA,98504,POINT (-122.895821 47.037404),-122.895821,47.037404
L000608,Thurston,Olympia,WA,98501,POINT (-122.89692 47.043535),-122.89692,47.043535
L000609,Lewis,Napavine,WA,98565,POINT (-122.9056395 46.575830123),-122.9056395,46.575830123
L000610,Cowlitz,Kelso,WA,98626,POINT (-122.90724 46.14458),-122.90724,46.14458
L000611,San Juan,Eastsound,WA,98245,POINT (-122.9129975 48.6692106),-122.9129975,48.6692106
L000612,Thurston,Olympia,WA,98512,POINT (-122.9131017 47.0135926),-122.9131017,47.0135926
L000613,San Juan,Orcas,WA,98280,POINT (-122.9141093 48.6061159),-122.9141093,48.6061159
L000614,Jefferson,Brinnon,WA,98320,POINT (-122.9205575 47.6737816),-122.9205575,47.6737816
L000615,Cowlitz,Longview,WA,98632,POINT (-122.9379953 46.1372997),-122.9379953,46.1372997
L000616,Lewis,Winlock,WA,98596,POINT (-122.94 46.491135),-122.94,46.491135
L000617,Thurston,Olympia,WA,98502,POINT (-122.943445 47.059252),-122.943445,47.059252
L000618,San Juan,Shaw Island,WA,98286,POINT (-122.9448799 48.577189),-122.9448799,48.577189
L000619,Mason,Grapeview,WA,98546,POINT (-122.9529423 47.3248964),-122.9529423,47.3248964
L000620,Lewis,Vader,WA,98593,POINT (-122.954205 46.39965),-122.954205,46.39965
L000621,Thurston,Centralia,WA,98531,POINT (-122.962555 46.716875),-122.962555,46.716875
L000622,Lewis,Chehalis,WA,98532,POINT (-122.96692 46.66113),-122.96692,46.66113
L000623,Mason,Tahuya,WA,98588,POINT (-122.9843687 47.4382712),-122.9843687,47.4382712
L000624,San Juan,Deer Harbor,WA,98243,POINT (-123.0117428 48.6216321),-123.0117428,48.6216321
L000625,Lane,Springfield,OR,97477,POINT (-123.01953 44.05014),-123.01953,44.05014
L000626,San Juan,Waldron,WA,98297,POINT (-123.030604 48.704444),-123.030604,48.704444
L000627,Marion,Salem,OR,97302,POINT (-123.05183 44.902539),-123.05183,44.902539
L000628,Whatcom,Point Roberts,WA,98281,POINT (-123.0602177 48.9910612),-123.0602177,48.9910612
L000629,Lewis,Adna,WA,98522,POINT (-123.0615 46.6326),-123.0615,46.6326
L000630,San Juan,Friday Harbor,WA,98250,POINT (-123.0679454 48.5327669),-123.0679454,48.5327669
L000631,Mason,Union,WA,98592,POINT (-123.06842 47.33529),-123.06842,47.33529
L000632,Mason,Lilliwaup,WA,98555,POINT (-123.06963 47.50073),-123.06963,47.50073
L000633,Polk,Salem,OR,97304,POINT (-123.0771613 44.9631335),-123.0771613,44.9631335
L000634,Mason,Shelton,WA,98584,POINT (-123.0910261 47.2173827),-123.0910261,47.2173827
L000635,Thurston,Rochester,WA,98579,POINT (-123.09575 46.82114),-123.09575,46.82114
L000636,Clallam,Sequim,WA,98382,POINT (-123.105015 48.08125),-123.105015,48.08125
L000637,Lewis,Curtis,WA,98538,POINT (-123.1267988 46.567008),-123.1267988,46.567008
L000638,Mason,Hoodsport,WA,98548,POINT (-123.2021319 47.4168231),-123.2021319,47.4168231
L000639,Grays Harbor,Oakville,WA,98568,POINT (-123.232885 46.84021),-123.232885,46.84021
L000640,Grays Harbor,Mccleary,WA,98557,POINT (-123.26743 47.052405),-123.26743,47.052405
L000641,Lewis,Pe Ell,WA,98572,POINT (-123.2983149 46.570015),-123.2983149,46.570015
L000642,Wahkiakum,Cathlamet,WA,98612,POINT (-123.380635 46.20034),-123.380635,46.20034
L000643,Grays Harbor,Elma,WA,98541,POINT (-123.410105 47.00679),-123.410105,47.00679
L000644,Clallam,Port Angeles,WA,98362,POINT (-123.425565 48.109795),-123.425565,48.109795
L000645,Wahkiakum,Skamokawa,WA,98647,POINT (-123.4552698 46.2727764),-123.4552698,46.2727764
L000646,Clallam,Port Angeles,WA,98363,POINT (-123.46101 48.118925),-123.46101,48.118925
L000647,Grays Harbor,Satsop,WA,98583,POINT (-123.483025 47.002225),-123.483025,47.002225
L000648,Wahkiakum,Grays River,WA,98621,POINT (-123.5944204 46.3527158),-123.5944204,46.3527158
L000649,Grays Harbor,Montesano,WA,98563,POINT (-123.60535 46.982215),-123.60535,46.982215
L000650,Wahkiakum,Rosburg,WA,98643,POINT (-123.6456004 46.3051837),-123.6456004,46.3051837
L000651,Pacific,Raymond,WA,98577,POINT (-123.72855 46.686115),-123.72855,46.686115
L000652,Grays Harbor,Cosmopolis,WA,98537,POINT (-123.7758 46.952755),-123.7758,46.952755
L000653,Pacific,Naselle,WA,98638,POINT (-123.8034269 46.3737287),-123.8034269,46.3737287
L000654,Pacific,South Bend,WA,98586,POINT (-123.81213 46.66546),-123.81213,46.66546
L000655,Grays Harbor,Quinault,WA,98575,POINT (-123.812395 47.492065),-123.812395,47.492065
L000656,Grays Harbor,Aberdeen,WA,98520,POINT (-123.8206 46.97789),-123.8206,46.97789
L000657,Grays Harbor,Hoquiam,WA,98550,POINT (-123.8868787 46.9805308),-123.8868787,46.9805308
L000658,Grays Harbor,Amanda Park,WA,98526,POINT (-123.9252642 47.4710694),-123.9252642,47.4710694
L000659,Pacific,Chinook,WA,98614,POINT (-123.9490486 46.2769106),-123.9490486,46.2769106
L000660,Pacific,Bay Center,WA,98527,POINT (-123.95362 46.629685),-123.95362,46.629685
L000661,Pacific,North Cove,WA,98590,POINT (-123.99449 46.71071),-123.99449,46.71071
L000662,Pacific,Oysterville,WA,98641,POINT (-124.02858 46.548715),-124.02858,46.548715
L000663,Pacific,Ilwaco,WA,98624,POINT (-124.038905 46.30883),-124.038905,46.30883
L000664,Pacific,Ocean Park,WA,98640,POINT (-124.04853 46.4972),-124.04853,46.4972
L000665,Pacific,Long Beach,WA,98631,POINT (-124.05472 46.34691),-124.05472,46.34691
L000666,Pacific,Seaview,WA,98644,POINT (-124.05485 46.33213),-124.05485,46.33213
L000667,Grays Harbor,Moclips,WA,98562,POINT (-124.064733792 47.337628),-124.064733792,47.337628
L000668,Grays Harbor,Grayland,WA,98547,POINT (-124.084295 46.746475),-124.084295,46.746475
L000669,Grays Harbor,Westport,WA,98595,POINT (-124.107315 46.886855),-124.107315,46.886855
L000670,Grays Harbor,Ocean Shores,WA,98569,POINT (-124.1599804 47.0075271),-124.1599804,47.0075271
L000671,Grays Harbor,Copalis Beach,WA,98535,POINT (-124.17386 47.11043),-124.17386,47.11043
L000672,Grays Harbor,Copalis Crossing,WA,98536,POINT (-124.1853792 47.1587097),-124.1853792,47.1587097
L000673,Grays Harbor,Pacific Beach,WA,98571,POINT (-124.1965652 47.1969238),-124.1965652,47.1969238
L000674,Jefferson,Forks,WA,98331,POINT (-124.25311 47.81012),-124.25311,47.81012
L000675,Clallam,Clallam Bay,WA,98326,POINT (-124.264464 48.249578),-124.264464,48.249578
L000676,Grays Harbor,Taholah,WA,98587,POINT (-124.2846109 47.3366186),-124.2846109,47.3366186
L000677,Clallam,Beaver,WA,98305,POINT (-124.3405386 48.0646572),-124.3405386,48.0646572
L000678,Clallam,Sekiu,WA,98381,POINT (-124.3746458 48.2840285),-124.3746458,48.2840285
L000679,Clallam,Neah Bay,WA,98357,POINT (-124.6140781 48.3654909),-124.6140781,48.3654909
L000680,Anchorage,Eagle River,AK,99577,POINT (-149.5683 61.323155),-149.5683,61.323155
L000681,Hawaii,Kailua Kona,HI,96740,POINT (-155.9821791 19.6729573),-155.9821791,19.6729573
L000682,Maui,Kihei,HI,96753,POINT (-156.4531185 20.7761437),-156.4531185,20.7761437
L000683,Honolulu,Kailua,HI,96734,POINT (-157.74382 21.39805),-157.74382,21.39805
L000684,Honolulu,Honolulu,HI,96818,POINT (-157.921378 21.349253),-157.921378,21.349253
L000685,Honolulu,Mililani,HI,96789,POINT (-158.01157 21.45823),-158.01157,21.45823
L000686,Honolulu,Ewa Beach,HI,96706,POINT (-158.019325 21.33516),-158.019325,21.33516
L000687,Kauai,Kekaha,HI,96752,POINT (-159.7126127 21.9701404),-159.7126127,21.9701404
L000688,Rockingham,Portsmouth,NH,03804,POINT (-70.7432164 43.0827061),-70.7432164,43.0827061
L000689,Essex,Lynn,MA,01905,POINT (-70.9720636 42.4629082),-70.9720636,42.4629082
L000690,Middlesex,Hanscom Afb,MA,01731,POINT (-71.2766209 42.4570299),-71.2766209,42.4570299
L000691,Newport,Middletown,RI,2842,POINT (-71.286061 41.514449),-71.286061,41.514449
L000692,Middlesex,Chelmsford,MA,01824,POINT (-71.351056 42.59733),-71.351056,42.59733
L000693,Providence,Providence,RI,2909,POINT (-71.435185 41.81883),-71.435185,41.81883
L000694,Worcester,Shrewsbury,MA,01545,POINT (-71.7213729 42.2841024),-71.7213729,42.2841024
L000695,New London,Mystic,CT,06355,POINT (-71.967835 41.354655),-71.967835,41.354655
L000696,New London,Gales Ferry,CT,06335,POINT (-72.064353 41.42546),-72.064353,41.42546
L000697,New London,Groton,CT,06340,POINT (-72.073825 41.37517),-72.073825,41.37517
L000698,New London,Waterford,CT,06385,POINT (-72.1392432 41.3461699),-72.1392432,41.3461699
L000699,New London,Old Lyme,CT,06371,POINT (-72.27884 41.28689),-72.27884,41.28689
L000700,New Haven,Madison,CT,06443,POINT (-72.610716 41.313697),-72.610716,41.313697
L000701,Saratoga,Saratoga Springs,NY,12866,POINT (-73.786645 43.080115),-73.786645,43.080115
L000702,Saratoga,Greenfield Center,NY,12833,POINT (-73.845094 43.12833),-73.845094,43.12833
L000703,Essex,Newark,NJ,07103,POINT (-74.18794 40.736555),-74.18794,40.736555
L000704,Essex,Bloomfield,NJ,07003,POINT (-74.1921773 40.8016761),-74.1921773,40.8016761
L000705,Essex,Montclair,NJ,07042,POINT (-74.215555 40.816355),-74.215555,40.816355
L000706,Middlesex,East Brunswick,NJ,8816,POINT (-74.4053216 40.4257584),-74.4053216,40.4257584
L000707,Burlington,Joint Base Mdl,NJ,08641,POINT (-74.583478 40.036594),-74.583478,40.036594
L000708,Atlantic,Egg Harbor Township,NJ,08234,POINT (-74.5917115 39.3964835),-74.5917115,39.3964835
L000709,Mercer,Princeton,NJ,08540,POINT (-74.649899 40.3563385),-74.649899,40.3563385
L000710,Burlington,Medford,NJ,08055,POINT (-74.822919 39.872686),-74.822919,39.872686
L000711,St. Lawrence,Ogdensburg,NY,13669,POINT (-75.48625 44.69457),-75.48625,44.69457
L000712,Kent,Dover,DE,19901,POINT (-75.5183205 39.1601351),-75.5183205,39.1601351
L000713,Jefferson,Watertown,NY,13603,POINT (-75.8131886 44.045225),-75.8131886,44.045225
L000714,Virginia Beach,Virginia Beach,VA,23453,POINT (-76.080818 36.792714),-76.080818,36.792714
L000715,Virginia Beach,Virginia Beach,VA,23456,POINT (-76.11799 36.784765),-76.11799,36.784765
L000716,Currituck,Moyock,NC,27958,POINT (-76.1401529 36.5125625),-76.1401529,36.5125625
L000717,Harford,Aberdeen Proving Ground,MD,21005,POINT (-76.1438888 39.4944311),-76.1438888,39.4944311
L000718,Virginia Beach,Virginia Beach,VA,23455,POINT (-76.151177 36.889277),-76.151177,36.889277
L000719,Virginia Beach,Virginia Beach,VA,23464,POINT (-76.1801634 36.8001756),-76.1801634,36.8001756
L000720,Chesapeake,Chesapeake,VA,23320,POINT (-76.237441 36.755166),-76.237441,36.755166
L000721,Norfolk,Norfolk,VA,23503,POINT (-76.251684 36.942546),-76.251684,36.942546
L000722,Harford,Edgewood,MD,21040,POINT (-76.3042047 39.4275903),-76.3042047,39.4275903
L000723,Portsmouth,Portsmouth,VA,23707,POINT (-76.344027 36.836325),-76.344027,36.836325
L000724,Chesapeake,Chesapeake,VA,23321,POINT (-76.4177819 36.8223986),-76.4177819,36.8223986
L000725,York,Yorktown,VA,23693,POINT (-76.434071 37.112964),-76.434071,37.112964
L000726,Suffolk,Suffolk,VA,23435,POINT (-76.4531992 36.8624693),-76.4531992,36.8624693
L000727,"St. Mary's",Lexington Park,MD,20653,POINT (-76.4583767 38.2561309),-76.4583767,38.2561309
L000728,Anne Arundel,Arnold,MD,21012,POINT (-76.500015 39.052025),-76.500015,39.052025
L000729,Newport News,Newport News,VA,23602,POINT (-76.516165 37.117004),-76.516165,37.117004
L000730,Calvert,Chesapeake Beach,MD,20732,POINT (-76.5366239 38.6673816),-76.5366239,38.6673816
L000731,Anne Arundel,Edgewater,MD,21037,POINT (-76.541773 38.9259503),-76.541773,38.9259503
L000732,Anne Arundel,Gambrills,MD,21054,POINT (-76.67903 39.038),-76.67903,39.038
L000733,Williamsburg,Williamsburg,VA,23185,POINT (-76.7089719 37.2717562),-76.7089719,37.2717562
L000734,Anne Arundel,Odenton,MD,21113,POINT (-76.7111947 39.0745637),-76.7111947,39.0745637
L000735,Anne Arundel,Hanover,MD,21076,POINT (-76.7208048 39.162079),-76.7208048,39.162079
L000736,Anne Arundel,Fort George G Meade,MD,20755,POINT (-76.7592422 39.1101309),-76.7592422,39.1101309
L000737,Charles,Hughesville,MD,20637,POINT (-76.773785 38.535383),-76.773785,38.535383
L000738,"Prince George's",Upper Marlboro,MD,20774,POINT (-76.8100874 38.8903361),-76.8100874,38.8903361
L000739,Howard,Ellicott City,MD,21042,POINT (-76.83207 39.276485),-76.83207,39.276485
L000740,"Prince George's",Andrews Air Force Base,MD,20762,POINT (-76.881164 38.811068),-76.881164,38.811068
L000741,Charles,Waldorf,MD,20603,POINT (-76.95159 38.622545),-76.95159,38.622545
L000742,"Prince George's",Fort Washington,MD,20744,POINT (-76.979721 38.757794),-76.979721,38.757794
L000743,District of Columbia,Washington,DC,20003,POINT (-76.985835 38.88411),-76.985835,38.88411
L000744,District of Columbia,Washington,DC,20002,POINT (-76.9924566 38.9025351),-76.9924566,38.9025351
L000745,Carroll,Westminster,MD,21157,POINT (-76.9964102 39.5793016),-76.9964102,39.5793016
L000746,Howard,Dayton,MD,21036,POINT (-77.000227 39.242016),-77.000227,39.242016
L000747,Cumberland,Mechanicsburg,PA,17050,POINT (-77.01976 40.240985),-77.01976,40.240985
L000748,Alexandria,Alexandria,VA,22314,POINT (-77.047585 38.807715),-77.047585,38.807715
L000749,Fairfax,Alexandria,VA,22308,POINT (-77.056662 38.728118),-77.056662,38.728118
L000750,Montgomery,Silver Spring,MD,20906,POINT (-77.0683461 39.0679087),-77.0683461,39.0679087
L000751,Montgomery,Chevy Chase,MD,20815,POINT (-77.07715 38.983575),-77.07715,38.983575
L000752,Montgomery,Kensington,MD,20895,POINT (-77.078231 39.030798),-77.078231,39.030798
L000753,Montgomery,Bethesda,MD,20814,POINT (-77.099577 38.992455),-77.099577,38.992455
L000754,Fairfax,Fort Belvoir,VA,22060,POINT (-77.142327 38.699268),-77.142327,38.699268
L000755,Fairfax,Mc Lean,VA,22101,POINT (-77.177005 38.93738),-77.177005,38.93738
L000756,Montgomery,Potomac,MD,20854,POINT (-77.1813604 39.0630893),-77.1813604,39.0630893
L000757,Cumberland,Carlisle,PA,17013,POINT (-77.19078 40.202425),-77.19078,40.202425
L000758,Montgomery,Gaithersburg,MD,20878,POINT (-77.2319824 39.1159608),-77.2319824,39.1159608
L000759,Fairfax,Springfield,VA,22152,POINT (-77.236627 38.7775),-77.236627,38.7775
L000760,Fairfax,Vienna,VA,22180,POINT (-77.256665 38.8966332),-77.256665,38.8966332
L000761,Fairfax,Burke,VA,22015,POINT (-77.2784775 38.7853912),-77.2784775,38.7853912
L000762,Prince William,Dumfries,VA,22025,POINT (-77.3548507 38.6122706),-77.3548507,38.6122706
L000763,Pitt,Winterville,NC,28590,POINT (-77.3990581 35.5364656),-77.3990581,35.5364656
L000764,Fairfax,Herndon,VA,20171,POINT (-77.405463 38.929188),-77.405463,38.929188
L000765,Frederick,Frederick,MD,21701,POINT (-77.409075 39.416495),-77.409075,39.416495
L000766,Stafford,Stafford,VA,22554,POINT (-77.410205 38.42543),-77.410205,38.42543
L000767,Stafford,Fredericksburg,VA,22405,POINT (-77.427524 38.321483),-77.427524,38.321483
L000768,Prince William,Manassas,VA,20111,POINT (-77.440737 38.763617),-77.440737,38.763617
L000769,Onslow,Mccutcheon Field,NC,28545,POINT (-77.445508 34.723558),-77.445508,34.723558
L000770,Spotsylvania,Fredericksburg,VA,22408,POINT (-77.4794317 38.2478282),-77.4794317,38.2478282
L000771,Loudoun,Chantilly,VA,20152,POINT (-77.51553 38.911731),-77.51553,38.911731
L000772,Frederick,Middletown,MD,21769,POINT (-77.550327 39.44396),-77.550327,39.44396
L000773,Loudoun,Aldie,VA,20105,POINT (-77.5724836 38.9439999),-77.5724836,38.9439999
L000774,Chesterfield,North Chesterfield,VA,23236,POINT (-77.57844 37.476002),-77.57844,37.476002
L000775,Goochland,Henrico,VA,23238,POINT (-77.617505 37.604068),-77.617505,37.604068
L000776,Albemarle,Charlottesville,VA,22901,POINT (-78.4827054 38.0735875),-78.4827054,38.0735875
L000777,Charlottesville,Charlottesville,VA,22903,POINT (-78.492625 38.03456),-78.492625,38.03456
L000778,Wake,Wake Forest,NC,27587,POINT (-78.51015 35.976815),-78.51015,35.976815
L000779,Wake,Raleigh,NC,27601,POINT (-78.63627 35.775485),-78.63627,35.775485
L000780,Cumberland,Fayetteville,NC,28312,POINT (-78.780926 35.019816),-78.780926,35.019816
L000781,Wake,Holly Springs,NC,27540,POINT (-78.8371904 35.6604412),-78.8371904,35.6604412
L000782,Cumberland,Fayetteville,NC,28305,POINT (-78.907852 35.054112),-78.907852,35.054112
L000783,Harnett,Spring Lake,NC,28390,POINT (-78.9769553 35.1704689),-78.9769553,35.1704689
L000784,Cumberland,Fort Bragg,NC,28307,POINT (-78.993979 35.148727),-78.993979,35.148727
L000785,Cumberland,Fort Bragg,NC,28310,POINT (-79.02776 35.15036),-79.02776,35.15036
L000786,Orange,Chapel Hill,NC,27516,POINT (-79.110216 35.922466),-79.110216,35.922466
L000787,Harnett,Sanford,NC,27332,POINT (-79.127412 35.385478),-79.127412,35.385478
L000788,Moore,Southern Pines,NC,28387,POINT (-79.3874396 35.1763738),-79.3874396,35.1763738
L000789,Allegheny,Pittsburgh,PA,15236,POINT (-79.9680569 40.3419348),-79.9680569,40.3419348
L000790,Berkeley,Hanahan,SC,29410,POINT (-80.003757 32.9289547),-80.003757,32.9289547
L000791,Charleston,Charleston Afb,SC,29404,POINT (-80.059581 32.898233),-80.059581,32.898233
L000792,Berkeley,Summerville,SC,29486,POINT (-80.137867 33.055919),-80.137867,33.055919
L000793,Miami-Dade,Miami,FL,33131,POINT (-80.1899616 25.7688751),-80.1899616,25.7688751
L000794,Brevard,Melbourne,FL,32904,POINT (-80.670667 28.071489),-80.670667,28.071489
L000795,Richland,Hopkins,SC,29061,POINT (-80.8482692 33.9350984),-80.8482692,33.9350984
L000796,Beaufort,Okatie,SC,29909,POINT (-80.9286463 32.3103139),-80.9286463,32.3103139
L000797,Orange,Winter Park,FL,32792,POINT (-81.3035506 28.6039904),-81.3035506,28.6039904
L000798,Collier,Naples,FL,34108,POINT (-81.8104106 26.2488463),-81.8104106,26.2488463
L000799,Hillsborough,Lithia,FL,33547,POINT (-82.145644 27.83611),-82.145644,27.83611
L000800,Hillsborough,Riverview,FL,33569,POINT (-82.3028476 27.8576854),-82.3028476,27.8576854
L000801,Hillsborough,Tampa,FL,33610,POINT (-82.3965069 27.9936758),-82.3965069,27.9936758
L000802,Hillsborough,Tampa,FL,33621,POINT (-82.48365 27.849742),-82.48365,27.849742
L000803,Sarasota,Sarasota,FL,34242,POINT (-82.5426978 27.2645496),-82.5426978,27.2645496
L000804,Houston,Warner Robins,GA,31088,POINT (-83.678955 32.57096),-83.678955,32.57096
L000805,Washtenaw,Ann Arbor,MI,48105,POINT (-83.703171 42.308582),-83.703171,42.308582
L000806,Washtenaw,Ann Arbor,MI,48103,POINT (-83.776575 42.273965),-83.776575,42.273965
L000807,Rockdale,Conyers,GA,30013,POINT (-83.9821302 33.6255758),-83.9821302,33.6255758
L000808,Greene,Fairborn,OH,45324,POINT (-84.022125 39.82405),-84.022125,39.82405
L000809,Montgomery,Dayton,OH,45458,POINT (-84.1588308 39.603969),-84.1588308,39.603969
L000810,DeKalb,Decatur,GA,30030,POINT (-84.2937 33.774551),-84.2937,33.774551
L000811,Hamilton,Cincinnati,OH,45243,POINT (-84.361765 39.18712),-84.361765,39.18712
L000812,Fulton,Atlanta,GA,30308,POINT (-84.380155 33.7735139),-84.380155,33.7735139
L000813,Bartow,Adairsville,GA,30103,POINT (-84.918675 34.376845),-84.918675,34.376845
L000814,Muscogee,Columbus,GA,31907,POINT (-84.9350481 32.4924598),-84.9350481,32.4924598
L000815,Lee,Smiths Station,AL,36877,POINT (-85.1007648 32.5338952),-85.1007648,32.5338952
L000816,Allen,Fort Wayne,IN,46802,POINT (-85.151162 41.073697),-85.151162,41.073697
L000817,Allen,Fort Wayne,IN,46818,POINT (-85.196375 41.136925),-85.196375,41.136925
L000818,Oldham,Goshen,KY,40026,POINT (-85.5643183 38.4170989),-85.5643183,38.4170989
L000819,Hardin,Elizabethtown,KY,42701,POINT (-85.85707 37.69646),-85.85707,37.69646
L000820,Meade,Fort Knox,KY,40121,POINT (-85.957126 37.897498),-85.957126,37.897498
L000821,Montgomery,Pike Road,AL,36064,POINT (-86.09499 32.3476),-86.09499,32.3476
L000822,Autauga,Prattville,AL,36067,POINT (-86.488131 32.481251),-86.488131,32.481251
L000823,Shelby,Pelham,AL,35124,POINT (-86.7845337 33.3206861),-86.7845337,33.3206861
L000824,Lake,Hobart,IN,46342,POINT (-87.2523 41.52783),-87.2523,41.52783
L000825,Escambia,Pensacola,FL,32506,POINT (-87.3196231 30.4083291),-87.3196231,30.4083291
L000826,Cook,Chicago,IL,60605,POINT (-87.6258427 41.8690108),-87.6258427,41.8690108
L000827,Cook,Evanston,IL,60201,POINT (-87.691935 42.05124),-87.691935,42.05124
L000828,Cook,Skokie,IL,60077,POINT (-87.75373 42.02925),-87.75373,42.02925
L000829,DuPage,Burr Ridge,IL,60527,POINT (-87.9351499 41.7552844),-87.9351499,41.7552844
L000830,Lake,Libertyville,IL,60048,POINT (-87.948577 42.285826),-87.948577,42.285826
L000831,DuPage,Lisle,IL,60532,POINT (-88.072705 41.79871),-88.072705,41.79871
L000832,Mobile,Mobile,AL,36619,POINT (-88.194895 30.592415),-88.194895,30.592415
L000833,DuPage,West Chicago,IL,60185,POINT (-88.203885 41.880125),-88.203885,41.880125
L000834,Champaign,Champaign,IL,61822,POINT (-88.2990407 40.0985139),-88.2990407,40.0985139
L000835,Madison,Saint Jacob,IL,62281,POINT (-89.7833925 38.7052015),-89.7833925,38.7052015
L000836,Plaquemines,Belle Chasse,LA,70037,POINT (-89.9907848 29.855449),-89.9907848,29.855449
L000837,Rock Island,Rock Island,IL,61201,POINT (-90.572925 41.50521),-90.572925,41.50521
L000838,Texas,Summersville,MO,65571,POINT (-91.6641814 37.1786339),-91.6641814,37.1786339
L000839,Pulaski,Saint Robert,MO,65584,POINT (-92.138205 37.814835),-92.138205,37.814835
L000840,Pulaski,Waynesville,MO,65583,POINT (-92.224482 37.817179),-92.224482,37.817179
L000841,Pulaski,Little Rock,AR,72207,POINT (-92.3452839 34.7693704),-92.3452839,34.7693704
L000842,Marion,Pella,IA,50219,POINT (-92.9164092 41.4115429),-92.9164092,41.4115429
L000843,Hennepin,Minneapolis,MN,55408,POINT (-93.288289 44.946592),-93.288289,44.946592
L000844,Caddo,Shreveport,LA,71106,POINT (-93.7472183 32.4283259),-93.7472183,32.4283259
L000845,Platte,Platte City,MO,64079,POINT (-94.77962 39.36557),-94.77962,39.36557
L000846,Leavenworth,Lansing,KS,66043,POINT (-94.910863 39.250283),-94.910863,39.250283
L000847,Galveston,Dickinson,TX,77539,POINT (-95.05013 29.465695),-95.05013,29.465695
L000848,Harris,Houston,TX,77002,POINT (-95.369775 29.752455),-95.369775,29.752455
L000849,Harris,Houston,TX,77057,POINT (-95.48392 29.73305),-95.48392,29.73305
L000850,Harris,Hockley,TX,77447,POINT (-95.7758946 30.0780333),-95.7758946,30.0780333
L000851,Sarpy,Bellevue,NE,68123,POINT (-95.9518445 41.1217288),-95.9518445,41.1217288
L000852,Douglas,Omaha,NE,68135,POINT (-96.188357 41.200317),-96.188357,41.200317
L000853,Collin,Plano,TX,75074,POINT (-96.69951 33.01967),-96.69951,33.01967
L000854,Collin,Mckinney,TX,75071,POINT (-96.7095692 33.2106389),-96.7095692,33.2106389
L000855,Denton,Little Elm,TX,75068,POINT (-96.9033187 33.1727666),-96.9033187,33.1727666
L000856,Tarrant,Bedford,TX,76022,POINT (-97.146894 32.834422),-97.146894,32.834422
L000857,Tarrant,Southlake,TX,76092,POINT (-97.148347 32.953503),-97.148347,32.953503
L000858,Sedgwick,Wichita,KS,67218,POINT (-97.276985 37.672475),-97.276985,37.672475
L000859,Nueces,Corpus Christi,TX,78412,POINT (-97.3636795 27.7040957),-97.3636795,27.7040957
L000860,Nueces,Corpus Christi,TX,78414,POINT (-97.3695925 27.6650473),-97.3695925,27.6650473
L000861,Williamson,Round Rock,TX,78681,POINT (-97.7168703 30.513895),-97.7168703,30.513895
L000862,Bell,Killeen,TX,76542,POINT (-97.74709 31.09733),-97.74709,31.09733
L000863,Travis,Austin,TX,78748,POINT (-97.8198863 30.1628868),-97.8198863,30.1628868
L000864,Travis,Leander,TX,78641,POINT (-97.8755601 30.5589571),-97.8755601,30.5589571
L000865,Garfield,Enid,OK,73703,POINT (-97.919657 36.402522),-97.919657,36.402522
L000866,Wilson,La Vernia,TX,78121,POINT (-98.10932 29.338694),-98.10932,29.338694
L000867,Bexar,San Antonio,TX,78258,POINT (-98.4886938 29.6378465),-98.4886938,29.6378465
L000868,Wichita,Wichita Falls,TX,76310,POINT (-98.5643777 33.843752),-98.5643777,33.843752
L000869,Bexar,San Antonio,TX,78251,POINT (-98.6726858 29.4589919),-98.6726858,29.4589919
L000870,Bexar,San Antonio,TX,78254,POINT (-98.7070962 29.5294075),-98.7070962,29.5294075
