Location_ID,County,City,State,Postal Code,Longitude,Latitude
L000001,Las Animas,Trinidad,CO,81082,-104.516452,37.168259
L000002,El Paso,Colorado Springs,CO,80925,-104.643379,38.741967
L000003,El Paso,Colorado Springs,CO,80908,-104.714345,39.031366
L000004,El Paso,Colorado Springs,CO,80923,-104.717199,38.925893
L000005,Adams,Aurora,CO,80019,-104.733756,39.773141
L000006,Douglas,Parker,CO,80134,-104.774606,39.515401
L000007,Laramie,Cheyenne,WY,82001,-104.795248,41.144246
L000008,El Paso,Colorado Springs,CO,80907,-104.824482,38.877773
L000009,El Paso,Colorado Springs,CO,80921,-104.831468,39.036466
L000010,El Paso,Colorado Springs,CO,80919,-104.851938,38.923586
L000011,Douglas,Castle Rock,CO,80104,-104.855075,39.373455
L000012,Arapahoe,Englewood,CO,80111,-104.875074,39.605575
L000013,Larimer,Timnath,CO,80547,-104.965956,40.516600
L000014,Boulder,Longmont,CO,80501,-105.106860,40.161740
L000015,Otero,Holloman Air Force Base,NM,88330,-106.079480,32.835046
L000016,El Paso,El Paso,TX,79927,-106.273340,31.650735
L000017,El Paso,El Paso,TX,79911,-106.568796,31.894707
L000018,Sheridan,Sheridan,WY,82801,-106.953660,44.793646
L000019,Cochise,Fort Huachuca,AZ,85613,-110.348565,31.556689
L000020,Pinal,Tucson,AZ,85739,-110.901621,32.507734
L000021,Pima,Tucson,AZ,85718,-110.915634,32.305062
L000022,Pinal,Apache Junction,AZ,85119,-111.539855,33.409160
L000023,Maricopa,Chandler,AZ,85249,-111.796174,33.222636
L000024,Salt Lake,Salt Lake City,UT,84121,-111.820697,40.625723
L000025,Maricopa,Chandler,AZ,85248,-111.861423,33.236978
L000026,Salt Lake,Salt Lake City,UT,84115,-111.888240,40.729685
L000027,Maricopa,Scottsdale,AZ,85250,-111.915952,33.517321
L000028,Maricopa,Tempe,AZ,85281,-111.945524,33.423160
L000029,Maricopa,Phoenix,AZ,85028,-112.008736,33.583784
L000030,Maricopa,Phoenix,AZ,85040,-112.026525,33.405114
L000031,Maricopa,Phoenix,AZ,85086,-112.103752,33.832112
L000032,Tooele,Tooele,UT,84074,-112.284850,40.529185
L000033,Clark,Laughlin,NV,89029,-114.619739,35.139118
L000034,Clark,Las Vegas,NV,89118,-115.192525,36.088140
L000035,Clark,Las Vegas,NV,89131,-115.239044,36.295982
L000036,Clark,Las Vegas,NV,89145,-115.272539,36.170588
L000037,Clark,Las Vegas,NV,89129,-115.324085,36.227630
L000038,Clark,Las Vegas,NV,89135,-115.326093,36.131935
L000039,Clark,Las Vegas,NV,89166,-115.329506,36.298305
L000040,Clark,Las Vegas,NV,89138,-115.357481,36.172952
L000041,Ada,Boise,ID,83706,-116.197355,43.591620
L000042,Ada,Boise,ID,83702,-116.207032,43.628828
L000043,Riverside,Indio,CA,92201,-116.218180,33.719270
L000044,Riverside,Cathedral City,CA,92234,-116.464199,33.807798
L000045,San Bernardino,Fort Irwin,CA,92310,-116.698447,35.261884
L000046,Kootenai,Worley,ID,83876,-116.882603,47.466340
L000047,Kootenai,Post Falls,ID,83854,-116.942745,47.727253
L000048,San Diego,Chula Vista,CA,91915,-116.957873,32.631669
L000049,San Diego,Chula Vista,CA,91913,-116.985486,32.631293
L000050,San Diego,San Diego,CA,92154,-117.033790,32.566884
L000051,San Diego,La Mesa,CA,91942,-117.033970,32.765925
L000052,San Diego,San Diego,CA,92114,-117.056643,32.708906
L000053,Asotin,Asotin,WA,99402,-117.059519,46.265398
L000054,Spokane,Newman Lake,WA,99025,-117.075672,47.736783
L000055,Whitman,Tekoa,WA,99033,-117.077437,47.227156
L000056,Whitman,Palouse,WA,99161,-117.078955,46.910933
L000057,Asotin,Clarkston,WA,99403,-117.080940,46.396152
L000058,San Diego,San Diego,CA,92131,-117.083459,32.914886
L000059,Whitman,Uniontown,WA,99179,-117.088841,46.536823
L000060,San Diego,San Diego,CA,92124,-117.096935,32.824435
L000061,Spokane,Liberty Lake,WA,99019,-117.098830,47.667994
L000062,San Diego,San Diego,CA,92136,-117.121336,32.680668
L000063,San Diego,San Diego,CA,92126,-117.125497,32.923461
L000064,Whitman,Uniontown,WA,99113,-117.128474,46.568831
L000065,Spokane,Spokane Valley,WA,99027,-117.128686,47.700409
L000066,San Diego,San Diego,CA,92102,-117.139715,32.711600
L000067,Spokane,Rockford,WA,99030,-117.140334,47.478429
L000068,Whitman,Garfield,WA,99130,-117.149722,47.004243
L000069,Spokane,Latah,WA,99018,-117.158389,47.280614
L000070,Spokane,Spokane Valley,WA,99016,-117.159889,47.656894
L000071,San Diego,San Diego,CA,92101,-117.160635,32.717795
L000072,Riverside,Menifee,CA,92585,-117.162774,33.725296
L000073,San Diego,San Diego,CA,92103,-117.163040,32.746955
L000074,Pend Oreille,Newport,WA,99156,-117.164316,48.150501
L000075,Whitman,Pullman,WA,99163,-117.179120,46.730885
L000076,San Bernardino,Apple Valley,CA,92308,-117.191369,34.464256
L000077,Spokane,Spokane Valley,WA,99037,-117.193798,47.646855
L000078,Spokane,Mica,WA,99023,-117.195710,47.551195
L000079,Spokane,Spokane Valley,WA,99216,-117.212640,47.658775
L000080,Spokane,Waverly,WA,99039,-117.227823,47.342294
L000081,San Diego,San Diego,CA,92106,-117.229395,32.727105
L000082,Whitman,Oakesdale,WA,99158,-117.237843,47.129339
L000083,San Diego,San Diego,CA,92107,-117.243632,32.742267
L000084,Spokane,Spokane Valley,WA,99206,-117.245490,47.653400
L000085,Spokane,Spokane,WA,99036,-117.249287,47.531521
L000086,San Diego,Vista,CA,92083,-117.253434,33.197823
L000087,San Diego,Oceanside,CA,92056,-117.270470,33.214810
L000088,Riverside,Wildomar,CA,92595,-117.273397,33.601530
L000089,Spokane,Mead,WA,99021,-117.279576,47.787455
L000090,Pend Oreille,Usk,WA,99180,-117.280511,48.300119
L000091,Spokane,Elk,WA,99009,-117.280878,48.017241
L000092,San Diego,Oceanside,CA,92057,-117.295294,33.246484
L000093,Spokane,Spokane Valley,WA,99212,-117.308052,47.667462
L000094,Spokane,Chattaroy,WA,99003,-117.309904,47.917899
L000095,Spokane,Spokane,WA,99217,-117.316781,47.710060
L000096,Pend Oreille,Cusick,WA,99119,-117.321711,48.520226
L000097,San Diego,Oceanside,CA,92058,-117.353547,33.230939
L000098,Whitman,Colfax,WA,99111,-117.363103,46.878375
L000099,Whitman,Rosalia,WA,99170,-117.366271,47.248041
L000100,San Diego,Oceanside,CA,92051,-117.368035,33.199215
L000101,Spokane,Spokane,WA,99223,-117.369705,47.626370
L000102,Spokane,Colbert,WA,99005,-117.370445,47.828001
L000103,Spokane,Spokane,WA,99202,-117.383045,47.661935
L000104,Spokane,Spangle,WA,99031,-117.385127,47.445344
L000105,Spokane,Spokane,WA,99207,-117.387659,47.686036
L000106,Spokane,Spokane,WA,99203,-117.402924,47.630410
L000107,Spokane,Spokane,WA,99208,-117.407250,47.718625
L000108,Pend Oreille,Ione,WA,99139,-117.413548,48.722493
L000109,Spokane,Spokane,WA,99218,-117.415751,47.759305
L000110,Spokane,Spokane,WA,99205,-117.426940,47.679460
L000111,Spokane,Spokane,WA,99204,-117.431670,47.647240
L000112,Spokane,Spokane,WA,99201,-117.431895,47.667155
L000113,Spokane,Deer Park,WA,99006,-117.467546,47.953118
L000114,Spokane,Spokane,WA,99224,-117.488084,47.632065
L000115,Stevens,Clayton,WA,99110,-117.559435,47.996831
L000116,Orange,Trabuco Canyon,CA,92679,-117.579636,33.633329
L000117,Whitman,St John,WA,99171,-117.580933,47.087155
L000118,Spokane,Cheney,WA,99004,-117.583610,47.495131
L000119,Spokane,Airway Heights,WA,99001,-117.587865,47.645100
L000120,Garfield,Pomeroy,WA,99347,-117.600890,46.473565
L000121,Stevens,Nine Mile Falls,WA,99026,-117.609870,47.804780
L000122,San Diego,San Clemente,CA,92672,-117.614409,33.425641
L000123,Stevens,Loon Lake,WA,99148,-117.626102,48.087658
L000124,Spokane,Fairchild Air Force Base,WA,99011,-117.655624,47.630736
L000125,Kern,Ridgecrest,CA,93555,-117.672280,35.620730
L000126,Spokane,Medical Lake,WA,99022,-117.680927,47.587165
L000127,Whitman,Endicott,WA,99125,-117.684889,46.928253
L000128,Orange,Lake Forest,CA,92630,-117.709218,33.630186
L000129,Stevens,Chewelah,WA,99109,-117.719726,48.280008
L000130,Stevens,Valley,WA,99181,-117.726205,48.175140
L000131,Orange,Irvine,CA,92620,-117.746190,33.704680
L000132,Orange,Irvine,CA,92618,-117.746662,33.665032
L000133,Stevens,Springdale,WA,99173,-117.771332,48.046134
L000134,Stevens,Tumtum,WA,99034,-117.778593,47.883034
L000135,Stevens,Northport,WA,99157,-117.788604,48.911960
L000136,Lincoln,Ford,WA,99013,-117.847708,47.826874
L000137,Spokane,Reardan,WA,99029,-117.865898,47.723604
L000138,Spokane,Edwall,WA,99008,-117.869688,47.550759
L000139,Whitman,Lacrosse,WA,99143,-117.876377,46.813400
L000140,Stevens,Colville,WA,99114,-117.904310,48.547075
L000141,Whitman,Lamont,WA,99017,-117.906241,47.201481
L000142,Stevens,Addy,WA,99101,-117.913611,48.361989
L000143,Columbia,Dayton,WA,99328,-117.966537,46.312537
L000144,Stevens,Evans,WA,99126,-117.977563,48.719981
L000145,Lincoln,Sprague,WA,99032,-117.986039,47.299129
L000146,Orange,Midway City,CA,92655,-117.986377,33.746077
L000147,Stevens,Wellpinit,WA,99040,-117.989570,47.892405
L000148,Orange,Buena Park,CA,90621,-117.997795,33.867410
L000149,Orange,Buena Park,CA,90620,-118.015225,33.843047
L000150,Stevens,Kettle Falls,WA,99141,-118.071037,48.630802
L000151,Los Angeles,Lakewood,CA,90713,-118.113267,33.849350
L000152,Stevens,Rice,WA,99167,-118.136048,48.425669
L000153,Stevens,Gifford,WA,99131,-118.138888,48.285880
L000154,Walla Walla,Waitsburg,WA,99361,-118.150614,46.263459
L000155,Stevens,Hunters,WA,99137,-118.174956,48.125749
L000156,Los Angeles,Long Beach,CA,90802,-118.185019,33.770099
L000157,Lincoln,Davenport,WA,99122,-118.186805,47.722719
L000158,Kern,Rosamond,CA,93560,-118.229152,34.862192
L000159,Los Angeles,Lancaster,CA,93536,-118.242595,34.685088
L000160,Lincoln,Harrington,WA,99134,-118.255195,47.475636
L000161,Ferry,Inchelium,WA,99138,-118.263469,48.296407
L000162,Adams,Washtucna,WA,99371,-118.312725,46.755839
L000163,Los Angeles,Gardena,CA,90249,-118.316620,33.901925
L000164,Los Angeles,Torrance,CA,90504,-118.331273,33.871521
L000165,Los Angeles,Los Angeles,CA,90016,-118.341700,34.028510
L000166,Walla Walla,Walla Walla,WA,99362,-118.343320,46.063985
L000167,Adams,Ritzville,WA,99169,-118.386049,47.119318
L000168,Walla Walla,College Place,WA,99324,-118.388540,46.044832
L000169,Los Angeles,North Hollywood,CA,91606,-118.391970,34.186670
L000170,Los Angeles,Los Angeles,CA,90064,-118.434133,34.033613
L000171,Lincoln,Lincoln,WA,99147,-118.444678,47.837129
L000172,Ferry,Danville,WA,99121,-118.501313,48.992052
L000173,Lincoln,Creston,WA,99117,-118.505405,47.765249
L000174,Los Angeles,Reseda,CA,91335,-118.540469,34.201066
L000175,Adams,Lind,WA,99341,-118.629401,46.971269
L000176,Walla Walla,Touchet,WA,99360,-118.651393,46.042763
L000177,Ferry,Curlew,WA,99118,-118.664774,48.893688
L000178,Ferry,Keller,WA,99140,-118.692602,48.095104
L000179,Lincoln,Odessa,WA,99159,-118.692978,47.333354
L000180,Lincoln,Wilbur,WA,99185,-118.707286,47.763364
L000181,Ferry,Republic,WA,99166,-118.732885,48.648040
L000182,Franklin,Connell,WA,99326,-118.874995,46.663970
L000183,Ventura,Moorpark,CA,93021,-118.883344,34.285348
L000184,Ventura,Newbury Park,CA,91320,-118.931591,34.180936
L000185,Lincoln,Almira,WA,99103,-118.941570,47.710925
L000186,Okanogan,Elmer City,WA,99124,-118.953958,47.997582
L000187,Okanogan,Coulee Dam,WA,99116,-118.968770,47.973795
L000188,Okanogan,Nespelem,WA,99155,-118.976655,48.166365
L000189,Walla Walla,Burbank,WA,99323,-118.983486,46.188258
L000190,Grant,Marlin,WA,98832,-119.000340,47.319251
L000191,Lincoln,Grand Coulee,WA,99133,-119.003250,47.942725
L000192,Franklin,Eltopia,WA,99330,-119.040798,46.467192
L000193,Grant,Warden,WA,98857,-119.042579,46.971701
L000194,Ventura,Camarillo,CA,93010,-119.042975,34.221040
L000195,Grant,Electric City,WA,99123,-119.066067,47.909810
L000196,Franklin,Pasco,WA,99301,-119.098200,46.232395
L000197,Benton,Kennewick,WA,99337,-119.106637,46.173866
L000198,Grant,Hartline,WA,99135,-119.108221,47.686919
L000199,Benton,Kennewick,WA,99336,-119.113535,46.204945
L000200,Franklin,Mesa,WA,99343,-119.134748,46.589130
L000201,Ventura,Port Hueneme,CA,93041,-119.192955,34.150750
L000202,Grant,Othello,WA,99344,-119.198858,46.817128
L000203,Okanogan,Tonasket,WA,98855,-119.239796,48.667754
L000204,Grant,Moses Lake,WA,98837,-119.259988,47.124015
L000205,Benton,Kennewick,WA,99338,-119.260882,46.194303
L000206,Grant,Stratford,WA,98853,-119.283378,47.425808
L000207,Ventura,Ventura,CA,93001,-119.289265,34.280165
L000208,Benton,Richland,WA,99354,-119.290596,46.304184
L000209,Benton,Richland,WA,99352,-119.295207,46.272495
L000210,Okanogan,Oroville,WA,98844,-119.328241,48.933588
L000211,Grant,Coulee City,WA,99115,-119.359579,47.610329
L000212,Benton,Plymouth,WA,99346,-119.359986,45.933631
L000213,Benton,West Richland,WA,99353,-119.362743,46.295037
L000214,Benton,Benton City,WA,99320,-119.473761,46.267201
L000215,Grant,Soap Lake,WA,98851,-119.485115,47.386860
L000216,Okanogan,Riverside,WA,98849,-119.503797,48.499760
L000217,Okanogan,Omak,WA,98841,-119.529965,48.411470
L000218,Grant,Ephrata,WA,98823,-119.555130,47.319360
L000219,Okanogan,Okanogan,WA,98840,-119.587570,48.364823
L000220,Benton,Paterson,WA,99345,-119.603094,45.939673
L000221,Douglas,Mansfield,WA,98830,-119.633049,47.813639
L000222,Grant,Royal City,WA,99357,-119.636921,46.901997
L000223,Douglas,Bridgeport,WA,98813,-119.673399,48.007189
L000224,Washoe,Reno,NV,89521,-119.728025,39.415483
L000225,Benton,Prosser,WA,99350,-119.769315,46.204995
L000226,Okanogan,Brewster,WA,98812,-119.770026,48.108900
L000227,Kings,Lemoore,CA,93245,-119.783735,36.303825
L000228,Grant,Quincy,WA,98848,-119.849387,47.233993
L000229,Grant,Mattawa,WA,99349,-119.901675,46.737800
L000230,Yakima,Grandview,WA,98930,-119.915560,46.249215
L000231,Douglas,Palisades,WA,98845,-119.926735,47.401425
L000232,Okanogan,Methow,WA,98846,-119.942320,48.057219
L000233,Kittitas,Vantage,WA,98950,-119.989641,46.944296
L000234,Yakima,Mabton,WA,98935,-119.999979,46.209961
L000235,Okanogan,Methow,WA,98834,-120.003138,48.127179
L000236,Yakima,Sunnyside,WA,98944,-120.006171,46.326424
L000237,El Dorado,South Lake Tahoe,CA,96155,-120.015701,38.853407
L000238,Chelan,Chelan,WA,98816,-120.045301,47.856320
L000239,Douglas,Waterville,WA,98858,-120.064185,47.648274
L000240,Yakima,Outlook,WA,98938,-120.093544,46.350294
L000241,Okanogan,Carlton,WA,98814,-120.107652,48.242763
L000242,Okanogan,Twisp,WA,98856,-120.141407,48.367801
L000243,Douglas,Rock Island,WA,98850,-120.142651,47.373162
L000244,Douglas,Orondo,WA,98843,-120.143668,47.771382
L000245,Chelan,Manson,WA,98831,-120.147741,47.898898
L000246,Yakima,Granger,WA,98932,-120.193400,46.345135
L000247,Chelan,Malaga,WA,98828,-120.203750,47.353311
L000248,Klickitat,Roosevelt,WA,99356,-120.218389,45.742707
L000249,Okanogan,Winthrop,WA,98862,-120.222242,48.486204
L000250,Yakima,Zillah,WA,98953,-120.263170,46.405560
L000251,Chelan,Entiat,WA,98822,-120.285857,47.724605
L000252,Douglas,East Wenatchee,WA,98802,-120.286740,47.417600
L000253,Yakima,Toppenish,WA,98948,-120.312870,46.375340
L000254,Chelan,Wenatchee,WA,98801,-120.320090,47.422550
L000255,Yakima,Moxee,WA,98936,-120.355223,46.550869
L000256,Kittitas,Kittitas,WA,98934,-120.417610,46.983375
L000257,Okanogan,Mazama,WA,98833,-120.426775,48.593474
L000258,Yakima,Wapato,WA,98951,-120.448617,46.442693
L000259,Santa Barbara,Lompoc,CA,93436,-120.454675,34.642185
L000260,Yakima,Yakima,WA,98901,-120.468875,46.604618
L000261,Yakima,Yakima,WA,98903,-120.477805,46.553505
L000262,Chelan,Cashmere,WA,98815,-120.492891,47.521843
L000263,Yakima,Yakima,WA,98902,-120.524012,46.597394
L000264,Kittitas,Ellensburg,WA,98926,-120.526495,47.005576
L000265,Yakima,Selah,WA,98942,-120.541880,46.654175
L000266,Chelan,Dryden,WA,98821,-120.570353,47.543518
L000267,Chelan,Peshastin,WA,98847,-120.605170,47.551017
L000268,Yakima,Yakima,WA,98908,-120.611068,46.596645
L000269,Chelan,Leavenworth,WA,98826,-120.686021,47.709556
L000270,Kittitas,Thorp,WA,98946,-120.696981,47.079926
L000271,Yakima,White Swan,WA,98952,-120.706467,46.374690
L000272,Yakima,Cowiche,WA,98923,-120.716196,46.665589
L000273,Yakima,Naches,WA,98937,-120.745186,46.741639
L000274,Yakima,Tieton,WA,98947,-120.748292,46.702098
L000275,Klickitat,Goldendale,WA,98620,-120.812691,45.828116
L000276,Kittitas,Cle Elum,WA,98922,-120.934781,47.194476
L000277,Kittitas,South Cle Elum,WA,98943,-120.951080,47.186186
L000278,Klickitat,Centerville,WA,98613,-120.957709,45.752426
L000279,Kittitas,Roslyn,WA,98941,-120.993702,47.222869
L000280,Kittitas,Ronald,WA,98940,-121.057097,47.257419
L000281,Klickitat,Wahkiacus,WA,98670,-121.127583,45.866837
L000282,Sacramento,Folsom,CA,95630,-121.170350,38.673560
L000283,Kittitas,Easton,WA,98925,-121.176112,47.236709
L000284,Klickitat,Murdock,WA,98617,-121.178318,45.617492
L000285,Klickitat,Lyle,WA,98635,-121.247036,45.751065
L000286,Placer,Roseville,CA,95661,-121.249098,38.741072
L000287,Klickitat,Glenwood,WA,98619,-121.292523,46.018411
L000288,King,Skykomish,WA,98288,-121.355284,47.707890
L000289,Yuba,Beale Afb,CA,95903,-121.384797,39.120319
L000290,Skagit,Marblemount,WA,98267,-121.408017,48.526463
L000291,Kittitas,Snoqualmie Pass,WA,98068,-121.413360,47.423073
L000292,Klickitat,Bingen,WA,98605,-121.474097,45.718776
L000293,King,Baring,WA,98224,-121.481175,47.768185
L000294,Klickitat,White Salmon,WA,98672,-121.486205,45.741690
L000295,Klickitat,Trout Lake,WA,98650,-121.500289,45.970456
L000296,Sacramento,Sacramento,CA,95833,-121.500780,38.613604
L000297,Sacramento,Sacramento,CA,95834,-121.539705,38.648765
L000298,Skagit,Rockport,WA,98283,-121.545932,48.495291
L000299,Skamania,Underwood,WA,98651,-121.548538,45.741078
L000300,Snohomish,Index,WA,98256,-121.553631,47.820309
L000301,Snohomish,Darrington,WA,98241,-121.604165,48.252975
L000302,Snohomish,Gold Bar,WA,98251,-121.633949,47.838029
L000303,Lewis,Packwood,WA,98361,-121.669150,46.609680
L000304,Yolo,Davis,CA,95618,-121.708220,38.554309
L000305,Skagit,Concrete,WA,98237,-121.760060,48.518445
L000306,King,North Bend,WA,98045,-121.770521,47.481692
L000307,Monterey,Marina,CA,93933,-121.789370,36.679847
L000308,Snohomish,Sultan,WA,98294,-121.793767,47.869144
L000309,Monterey,Seaside,CA,93955,-121.831434,36.614732
L000310,Skamania,Carson,WA,98610,-121.835428,45.757804
L000311,King,Snoqualmie,WA,98065,-121.874050,47.534555
L000312,Monterey,Monterey,CA,93940,-121.879963,36.594353
L000313,Contra Costa,Pittsburg,CA,94565,-121.884755,38.028940
L000314,Santa Clara,San Jose,CA,95112,-121.885870,37.341407
L000315,Santa Clara,San Jose,CA,95131,-121.894448,37.386433
L000316,Skamania,Stevenson,WA,98648,-121.899566,45.690645
L000317,King,Fall City,WA,98024,-121.903093,47.567116
L000318,Monterey,Pacific Grove,CA,93950,-121.917750,36.618000
L000319,Lewis,Randle,WA,98377,-121.920025,46.537310
L000320,King,Carnation,WA,98014,-121.921987,47.658810
L000321,King,Maple Valley,WA,98051,-121.926361,47.355405
L000322,King,Preston,WA,98050,-121.931638,47.535240
L000323,Santa Clara,San Jose,CA,95134,-121.937448,37.408352
L000324,Solano,Travis Afb,CA,94535,-121.944912,38.270839
L000325,Snohomish,Granite Falls,WA,98252,-121.945055,48.076327
L000326,King,Duvall,WA,98019,-121.956372,47.735604
L000327,Alameda,Fremont,CA,94538,-121.961530,37.533545
L000328,Snohomish,Monroe,WA,98272,-121.972215,47.856740
L000329,Skamania,North Bonneville,WA,98639,-121.973814,45.639719
L000330,Santa Clara,Santa Clara,CA,95051,-121.986781,37.349727
L000331,King,Enumclaw,WA,98022,-121.989530,47.203470
L000332,Skagit,Hamilton,WA,98255,-121.990221,48.524239
L000333,Santa Cruz,Santa Cruz,CA,95062,-121.991850,36.974825
L000334,Solano,Vacaville,CA,95688,-121.993505,38.353465
L000335,King,Issaquah,WA,98029,-121.999366,47.548487
L000336,King,Black Diamond,WA,98010,-122.014858,47.312069
L000337,Lewis,Ashford,WA,98304,-122.018719,46.756060
L000338,Pierce,Buckley,WA,98321,-122.029685,47.161465
L000339,King,Sammamish,WA,98053,-122.030684,47.669552
L000340,King,Maple Valley,WA,98038,-122.031030,47.386168
L000341,King,Sammamish,WA,98074,-122.031327,47.628578
L000342,King,Sammamish,WA,98075,-122.033090,47.581530
L000343,King,Issaquah,WA,98027,-122.036460,47.534065
L000344,Santa Clara,Cupertino,CA,95014,-122.036749,37.318549
L000345,Snohomish,Snohomish,WA,98290,-122.048346,47.943577
L000346,Pierce,Carbonado,WA,98323,-122.052435,47.079020
L000347,Pierce,Wilkeson,WA,98396,-122.052701,47.109147
L000348,Skagit,Lyman,WA,98263,-122.059782,48.525550
L000349,Snohomish,Woodinville,WA,98077,-122.071404,47.749164
L000350,Pierce,South Prairie,WA,98385,-122.096795,47.137975
L000351,Santa Clara,Palo Alto,CA,94303,-122.105670,37.424955
L000352,Snohomish,Lake Stevens,WA,98258,-122.112265,48.004700
L000353,King,Covington,WA,98042,-122.114514,47.358111
L000354,Snohomish,Arlington,WA,98223,-122.115970,48.194109
L000355,King,Bellevue,WA,98008,-122.118320,47.624500
L000356,King,Redmond,WA,98052,-122.120738,47.670537
L000357,Contra Costa,Lafayette,CA,94549,-122.120795,37.891839
L000358,Snohomish,Snohomish,WA,98296,-122.121841,47.841036
L000359,Lewis,Glenoma,WA,98336,-122.122855,46.533719
L000360,Contra Costa,Moraga,CA,94556,-122.123145,37.838893
L000361,King,Renton,WA,98058,-122.129888,47.445126
L000362,Contra Costa,Martinez,CA,94553,-122.133530,38.013905
L000363,King,Renton,WA,98059,-122.134502,47.492627
L000364,Whatcom,Maple Falls,WA,98266,-122.143913,48.939587
L000365,King,Bellevue,WA,98007,-122.147385,47.599975
L000366,King,Woodinville,WA,98072,-122.151665,47.758550
L000367,Santa Clara,Palo Alto,CA,94301,-122.159330,37.446120
L000368,Solano,Benicia,CA,94510,-122.161145,38.066164
L000369,King,Bellevue,WA,98005,-122.167394,47.614119
L000370,King,Bellevue,WA,98006,-122.169370,47.571015
L000371,Snohomish,Marysville,WA,98270,-122.176730,48.055420
L000372,King,Renton,WA,98056,-122.181988,47.509889
L000373,King,Auburn,WA,98092,-122.182097,47.319900
L000374,Lewis,Mineral,WA,98355,-122.183360,46.717785
L000375,Pierce,Bonney Lake,WA,98391,-122.183805,47.180620
L000376,Snohomish,Bothell,WA,98012,-122.187300,47.820245
L000377,Whatcom,Acme,WA,98220,-122.190834,48.692875
L000378,Pierce,Elbe,WA,98330,-122.193097,46.765255
L000379,King,Renton,WA,98055,-122.197000,47.438760
L000380,San Mateo,Atherton,CA,94027,-122.198895,37.461550
L000381,King,Kent,WA,98030,-122.199755,47.374830
L000382,King,Kent,WA,98031,-122.201252,47.393181
L000383,King,Bellevue,WA,98004,-122.202397,47.619252
L000384,King,Kirkland,WA,98033,-122.202640,47.678500
L000385,Pierce,Orting,WA,98360,-122.203224,47.094296
L000386,King,Bothell,WA,98011,-122.205780,47.762405
L000387,Skagit,Sedro-Woolley,WA,98284,-122.206642,48.532503
L000388,Snohomish,Everett,WA,98201,-122.207220,47.979935
L000389,King,Kirkland,WA,98034,-122.209285,47.711240
L000390,King,Renton,WA,98057,-122.210240,47.479705
L000391,Snohomish,Bothell,WA,98021,-122.210730,47.797727
L000392,Whatcom,Glacier,WA,98244,-122.212111,48.822884
L000393,Snohomish,Marysville,WA,98271,-122.214081,48.102812
L000394,King,Auburn,WA,98002,-122.222855,47.305065
L000395,San Mateo,Redwood City,CA,94063,-122.223965,37.485490
L000396,Pierce,Kapowsin,WA,98344,-122.223984,46.986084
L000397,Snohomish,Everett,WA,98208,-122.224776,47.915641
L000398,Snohomish,Everett,WA,98203,-122.225874,47.945309
L000399,King,Mercer Island,WA,98040,-122.228309,47.573724
L000400,Whatcom,Sumas,WA,98295,-122.235256,48.976976
L000401,King,Kent,WA,98032,-122.235475,47.380900
L000402,King,Medina,WA,98039,-122.236353,47.621118
L000403,Skagit,Clearlake,WA,98235,-122.236627,48.460654
L000404,Pierce,Sumner,WA,98390,-122.238250,47.201625
L000405,Alameda,Alameda,CA,94501,-122.238665,37.763110
L000406,Snohomish,Everett,WA,98204,-122.240535,47.911390
L000407,King,Seattle,WA,98178,-122.245300,47.499708
L000408,King,Kenmore,WA,98028,-122.247807,47.758170
L000409,King,Pacific,WA,98047,-122.250935,47.250130
L000410,Pierce,Eatonville,WA,98328,-122.270565,46.868220
L000411,King,Tukwila,WA,98188,-122.271716,47.452837
L000412,Snohomish,Lynnwood,WA,98087,-122.273360,47.861417
L000413,King,Seattle,WA,98118,-122.275332,47.541105
L000414,Pierce,South Hill,WA,98374,-122.275748,47.139592
L000415,Lewis,Morton,WA,98356,-122.278380,46.556285
L000416,Alameda,Berkeley,CA,94707,-122.278690,37.899320
L000417,Snohomish,Lynnwood,WA,98037,-122.283973,47.838697
L000418,King,Auburn,WA,98001,-122.284939,47.338406
L000419,King,Burien,WA,98168,-122.286465,47.476000
L000420,Snohomish,Lynnwood,WA,98036,-122.287143,47.812199
L000421,Pierce,Edgewood,WA,98372,-122.287180,47.190465
L000422,Skagit,Mount Vernon,WA,98274,-122.288178,48.412875
L000423,Cowlitz,Cougar,WA,98616,-122.288588,46.058896
L000424,Pierce,Graham,WA,98338,-122.295340,47.076396
L000425,King,Seatac,WA,98158,-122.296554,47.443307
L000426,Alameda,Berkeley,CA,94710,-122.298305,37.873415
L000427,Pierce,South Hill,WA,98373,-122.298798,47.137950
L000428,Pierce,Puyallup,WA,98371,-122.299155,47.191780
L000429,Snohomish,Mukilteo,WA,98275,-122.299430,47.912654
L000430,King,Seattle,WA,98112,-122.300312,47.629782
L000431,King,Seattle,WA,98125,-122.304356,47.715668
L000432,King,Seattle,WA,98144,-122.308230,47.581975
L000433,King,Seattle,WA,98122,-122.308390,47.610365
L000434,Snohomish,Mountlake Terrace,WA,98043,-122.308420,47.784160
L000435,Pierce,Puyallup,WA,98375,-122.308546,47.104243
L000436,King,Federal Way,WA,98003,-122.313270,47.323090
L000437,King,Shoreline,WA,98155,-122.317500,47.757815
L000438,King,Milton,WA,98354,-122.317740,47.246525
L000439,King,Seattle,WA,98115,-122.318500,47.679490
L000440,Snohomish,Everett,WA,98206,-122.319019,48.013060
L000441,King,Seattle,WA,98105,-122.319115,47.661320
L000442,King,Seatac,WA,98198,-122.321917,47.401390
L000443,King,Seattle,WA,98102,-122.322260,47.640580
L000444,Whatcom,Nooksack,WA,98276,-122.323949,48.926049
L000445,Snohomish,Stanwood,WA,98292,-122.326873,48.214483
L000446,King,Seattle,WA,98108,-122.326896,47.549952
L000447,King,Des Moines,WA,98148,-122.328630,47.462330
L000448,King,Seattle,WA,98124,-122.329075,47.581125
L000449,King,Seattle,WA,98104,-122.329075,47.601800
L000450,King,Seattle,WA,98134,-122.329815,47.579810
L000451,Skagit,Burlington,WA,98233,-122.330790,48.474765
L000452,King,Seattle,WA,98164,-122.332305,47.605467
L000453,King,Seattle,WA,98101,-122.335345,47.610790
L000454,Snohomish,Edmonds,WA,98026,-122.335685,47.803720
L000455,Skagit,Mount Vernon,WA,98273,-122.338975,48.413330
L000456,King,Burien,WA,98166,-122.341345,47.465925
L000457,King,Seattle,WA,98121,-122.344125,47.615460
L000458,King,Seattle,WA,98109,-122.344153,47.630537
L000459,King,Seattle,WA,98133,-122.345840,47.767260
L000460,King,Seattle,WA,98103,-122.349905,47.673887
L000461,Clark,Washougal,WA,98671,-122.354650,45.583590
L000462,King,Seattle,WA,98146,-122.355183,47.500052
L000463,King,Seattle,WA,98106,-122.357082,47.533712
L000464,Pierce,Fife,WA,98424,-122.361510,47.241885
L000465,Whatcom,Everson,WA,98247,-122.361633,48.907132
L000466,King,Federal Way,WA,98023,-122.363630,47.306750
L000467,Pierce,Tacoma,WA,98443,-122.364635,47.194490
L000468,King,Seattle,WA,98119,-122.367310,47.637768
L000469,King,Shoreline,WA,98177,-122.369169,47.740354
L000470,King,Seattle,WA,98126,-122.374105,47.544680
L000471,Snohomish,Edmonds,WA,98020,-122.375784,47.800042
L000472,Pierce,Parkland,WA,98446,-122.377475,47.096645
L000473,King,Seattle,WA,98117,-122.377938,47.690166
L000474,King,Seattle,WA,98107,-122.378150,47.668660
L000475,Pierce,Tacoma,WA,98422,-122.385780,47.289710
L000476,King,Seattle,WA,98136,-122.389421,47.540736
L000477,King,Seattle,WA,98199,-122.394937,47.649547
L000478,King,Seattle,WA,98116,-122.395519,47.572137
L000479,Pierce,Spanaway,WA,98387,-122.398893,47.075258
L000480,Pierce,Tacoma,WA,98421,-122.405940,47.261725
L000481,Pierce,Tacoma,WA,98445,-122.408720,47.165675
L000482,Pierce,Tacoma,WA,98404,-122.409696,47.217498
L000483,Island,Clinton,WA,98236,-122.415903,47.956068
L000484,Skagit,Bow,WA,98232,-122.420254,48.560718
L000485,Clark,Camas,WA,98607,-122.422003,45.609244
L000486,Clark,Yacolt,WA,98675,-122.426643,45.861903
L000487,Pierce,Tacoma,WA,98401,-122.437085,47.253030
L000488,Pierce,Tacoma,WA,98408,-122.438105,47.203220
L000489,Pierce,Tacoma,WA,98444,-122.438270,47.153995
L000490,Pierce,Tacoma,WA,98418,-122.439165,47.224680
L000491,Island,Langley,WA,98260,-122.440196,48.019294
L000492,Pierce,Tacoma,WA,98402,-122.441310,47.252070
L000493,Whatcom,Bellingham,WA,98229,-122.442974,48.729016
L000494,Clark,Amboy,WA,98601,-122.444836,45.921804
L000495,Cowlitz,Ariel,WA,98603,-122.448185,45.990659
L000496,Pierce,Tacoma,WA,98405,-122.451530,47.251135
L000497,Whatcom,Lynden,WA,98264,-122.458454,48.946120
L000498,Pierce,Tacoma,WA,98403,-122.460375,47.264550
L000499,Whatcom,Bellingham,WA,98226,-122.464218,48.791350
L000500,King,Vashon,WA,98070,-122.466938,47.429244
L000501,Pierce,Tacoma,WA,98411,-122.473578,47.220158
L000502,Clark,Brush Prairie,WA,98606,-122.476720,45.738170
L000503,Pierce,Tacoma,WA,98409,-122.479130,47.219800
L000504,Pierce,Tacoma,WA,98416,-122.479714,47.263651
L000505,Island,Camano Island,WA,98282,-122.484200,48.201399
L000506,Marin,Sausalito,CA,94965,-122.486099,37.853684
L000507,Whatcom,Bellingham,WA,98225,-122.486115,48.761615
L000508,Pierce,Joint Base Lewis Mcchord,WA,98438,-122.487233,47.133285
L000509,Lewis,Mossyrock,WA,98564,-122.487535,46.529014
L000510,Pierce,Tacoma,WA,98406,-122.490985,47.263650
L000511,Lewis,Silver Creek,WA,98585,-122.500073,46.559667
L000512,Skagit,La Conner,WA,98257,-122.500959,48.390092
L000513,Pierce,Tacoma,WA,98407,-122.511336,47.292383
L000514,Clark,Vancouver,WA,98683,-122.515805,45.604689
L000515,Clark,Vancouver,WA,98684,-122.516920,45.622800
L000516,Kitsap,Kingston,WA,98346,-122.517835,47.798144
L000517,Pierce,Lakewood,WA,98499,-122.518110,47.171258
L000518,Pierce,Roy,WA,98580,-122.522985,46.987600
L000519,Kitsap,Indianola,WA,98342,-122.523855,47.752350
L000520,Marin,San Rafael,CA,94901,-122.526088,37.970235
L000521,Lewis,Cinebar,WA,98533,-122.527870,46.586383
L000522,Clark,Vancouver,WA,98682,-122.528603,45.668660
L000523,Pierce,Lakewood,WA,98439,-122.529685,47.127165
L000524,Kitsap,Bainbridge Island,WA,98110,-122.530507,47.640060
L000525,Clark,Battle Ground,WA,98604,-122.532180,45.779450
L000526,Pierce,Tacoma,WA,98465,-122.535405,47.249910
L000527,Pierce,Fircrest,WA,98466,-122.537565,47.231645
L000528,Pierce,University Place,WA,98467,-122.540451,47.207417
L000529,Island,Freeland,WA,98249,-122.545737,48.018194
L000530,Pierce,Lakewood,WA,98498,-122.547645,47.176685
L000531,Kitsap,Suquamish,WA,98392,-122.557170,47.733415
L000532,Kitsap,Hansville,WA,98340,-122.563808,47.899546
L000533,Pierce,Tacoma,WA,98493,-122.564299,47.142313
L000534,Island,Greenbank,WA,98253,-122.566915,48.089609
L000535,Kitsap,Olalla,WA,98359,-122.573040,47.428296
L000536,Clark,Vancouver,WA,98664,-122.575383,45.620105
L000537,Clark,Vancouver,WA,98662,-122.579351,45.671668
L000538,Pierce,Gig Harbor,WA,98335,-122.583545,47.323449
L000539,Pierce,Gig Harbor,WA,98332,-122.589645,47.342345
L000540,Pierce,Joint Base Lewis Mcchord,WA,98433,-122.596275,47.097005
L000541,Pierce,Steilacoom,WA,98388,-122.597069,47.168663
L000542,Whatcom,Ferndale,WA,98248,-122.601104,48.853240
L000543,Kitsap,Port Orchard,WA,98366,-122.606491,47.523615
L000544,Pierce,Fox Island,WA,98333,-122.606681,47.225409
L000545,Thurston,Yelm,WA,98597,-122.610230,46.941260
L000546,Kitsap,Bremerton,WA,98310,-122.611365,47.575195
L000547,Multnomah,Portland,OR,97213,-122.613470,45.536520
L000548,Kitsap,Keyport,WA,98345,-122.625012,47.702126
L000549,Clark,Vancouver,WA,98686,-122.626623,45.711724
L000550,Lewis,Salkum,WA,98582,-122.629850,46.531790
L000551,Clark,La Center,WA,98629,-122.631475,45.887713
L000552,Skagit,Anacortes,WA,98221,-122.633017,48.494867
L000553,Kitsap,Bremerton,WA,98337,-122.635905,47.570970
L000554,Kitsap,Bremerton,WA,98311,-122.636245,47.628060
L000555,Kitsap,Poulsbo,WA,98370,-122.636888,47.746955
L000556,Whatcom,Custer,WA,98240,-122.637364,48.952558
L000557,Clark,Vancouver,WA,98661,-122.641835,45.638545
L000558,Multnomah,Portland,OR,97214,-122.642852,45.515753
L000559,Pierce,Dupont,WA,98327,-122.643815,47.097455
L000560,Island,Oak Harbor,WA,98277,-122.644716,48.301515
L000561,Kitsap,Bremerton,WA,98314,-122.647060,47.559151
L000562,Kitsap,Bremerton,WA,98312,-122.652230,47.571920
L000563,Kitsap,Port Orchard,WA,98367,-122.653005,47.473907
L000564,Island,Coupeville,WA,98239,-122.659162,48.198211
L000565,Clark,Vancouver,WA,98665,-122.661579,45.680986
L000566,Kitsap,Gig Harbor,WA,98329,-122.665799,47.383359
L000567,Clark,Vancouver,WA,98663,-122.666325,45.641205
L000568,Kitsap,Silverdale,WA,98383,-122.668076,47.665978
L000569,Clark,Vancouver,WA,98660,-122.678999,45.636534
L000570,Pierce,Anderson Island,WA,98303,-122.686070,47.158295
L000571,Whatcom,Lummi Island,WA,98262,-122.688540,48.726956
L000572,Thurston,Rainier,WA,98576,-122.689878,46.890849
L000573,Jefferson,Port Ludlow,WA,98365,-122.690628,47.909901
L000574,Jefferson,Nordland,WA,98358,-122.691102,48.048511
L000575,Clark,Ridgefield,WA,98642,-122.695823,45.804249
L000576,Cowlitz,Toutle,WA,98649,-122.697954,46.325655
L000577,Clark,Vancouver,WA,98685,-122.703020,45.703706
L000578,Kitsap,Silverdale,WA,98315,-122.710503,47.693581
L000579,Lewis,Ethel,WA,98542,-122.716140,46.530878
L000580,Lewis,Onalaska,WA,98570,-122.719210,46.577000
L000581,Cowlitz,Woodland,WA,98674,-122.731250,45.923065
L000582,Whatcom,Blaine,WA,98230,-122.731830,48.953176
L000583,Sonoma,Santa Rosa,CA,95401,-122.745766,38.445212
L000584,Jefferson,Port Hadlock,WA,98339,-122.763371,48.036957
L000585,Jefferson,Port Townsend,WA,98368,-122.764420,48.119587
L000586,Pierce,Lakebay,WA,98349,-122.765885,47.273945
L000587,Cowlitz,Silverlake,WA,98645,-122.767313,46.323978
L000588,Pierce,Vaughn,WA,98394,-122.769655,47.320505
L000589,Jefferson,Chimacum,WA,98325,-122.771057,47.980581
L000590,Pierce,Longbranch,WA,98351,-122.773664,47.183600
L000591,Thurston,Lacey,WA,98516,-122.780830,47.083975
L000592,San Juan,Olga,WA,98279,-122.797383,48.636662
L000593,Cowlitz,Kalama,WA,98625,-122.811687,45.995990
L000594,Thurston,Olympia,WA,98513,-122.817545,46.988760
L000595,Thurston,Olympia,WA,98503,-122.828500,47.036460
L000596,Mason,Allyn,WA,98524,-122.838627,47.381980
L000597,Lewis,Toledo,WA,98591,-122.846675,46.441420
L000598,Jefferson,Quilcene,WA,98376,-122.848440,47.815772
L000599,Thurston,Tenino,WA,98589,-122.854030,46.856085
L000600,Sonoma,Healdsburg,CA,95448,-122.869616,38.617177
L000601,Thurston,Bucoda,WA,98530,-122.872497,46.794825
L000602,Kitsap,Seabeck,WA,98380,-122.872833,47.579830
L000603,Mason,Belfair,WA,98528,-122.873252,47.433004
L000604,San Juan,Lopez Island,WA,98261,-122.882664,48.505317
L000605,Thurston,Olympia,WA,98506,-122.887478,47.051957
L000606,Cowlitz,Castle Rock,WA,98611,-122.893877,46.284405
L000607,Thurston,Olympia,WA,98504,-122.895821,47.037404
L000608,Thurston,Olympia,WA,98501,-122.896920,47.043535
L000609,Lewis,Napavine,WA,98565,-122.905640,46.575830
L000610,Cowlitz,Kelso,WA,98626,-122.907240,46.144580
L000611,San Juan,Eastsound,WA,98245,-122.912998,48.669211
L000612,Thurston,Olympia,WA,98512,-122.913102,47.013593
L000613,San Juan,Orcas,WA,98280,-122.914109,48.606116
L000614,Jefferson,Brinnon,WA,98320,-122.920558,47.673782
L000615,Cowlitz,Longview,WA,98632,-122.937995,46.137300
L000616,Lewis,Winlock,WA,98596,-122.940000,46.491135
L000617,Thurston,Olympia,WA,98502,-122.943445,47.059252
L000618,San Juan,Shaw Island,WA,98286,-122.944880,48.577189
L000619,Mason,Grapeview,WA,98546,-122.952942,47.324896
L000620,Lewis,Vader,WA,98593,-122.954205,46.399650
L000621,Thurston,Centralia,WA,98531,-122.962555,46.716875
L000622,Lewis,Chehalis,WA,98532,-122.966920,46.661130
L000623,Mason,Tahuya,WA,98588,-122.984369,47.438271
L000624,San Juan,Deer Harbor,WA,98243,-123.011743,48.621632
L000625,Lane,Springfield,OR,97477,-123.019530,44.050140
L000626,San Juan,Waldron,WA,98297,-123.030604,48.704444
L000627,Marion,Salem,OR,97302,-123.051830,44.902539
L000628,Whatcom,Point Roberts,WA,98281,-123.060218,48.991061
L000629,Lewis,Adna,WA,98522,-123.061500,46.632600
L000630,San Juan,Friday Harbor,WA,98250,-123.067945,48.532767
L000631,Mason,Union,WA,98592,-123.068420,47.335290
L000632,Mason,Lilliwaup,WA,98555,-123.069630,47.500730
L000633,Polk,Salem,OR,97304,-123.077161,44.963134
L000634,Mason,Shelton,WA,98584,-123.091026,47.217383
L000635,Thurston,Rochester,WA,98579,-123.095750,46.821140
L000636,Clallam,Sequim,WA,98382,-123.105015,48.081250
L000637,Lewis,Curtis,WA,98538,-123.126799,46.567008
L000638,Mason,Hoodsport,WA,98548,-123.202132,47.416823
L000639,Grays Harbor,Oakville,WA,98568,-123.232885,46.840210
L000640,Grays Harbor,Mccleary,WA,98557,-123.267430,47.052405
L000641,Lewis,Pe Ell,WA,98572,-123.298315,46.570015
L000642,Wahkiakum,Cathlamet,WA,98612,-123.380635,46.200340
L000643,Grays Harbor,Elma,WA,98541,-123.410105,47.006790
L000644,Clallam,Port Angeles,WA,98362,-123.425565,48.109795
L000645,Wahkiakum,Skamokawa,WA,98647,-123.455270,46.272776
L000646,Clallam,Port Angeles,WA,98363,-123.461010,48.118925
L000647,Grays Harbor,Satsop,WA,98583,-123.483025,47.002225
L000648,Wahkiakum,Grays River,WA,98621,-123.594420,46.352716
L000649,Grays Harbor,Montesano,WA,98563,-123.605350,46.982215
L000650,Wahkiakum,Rosburg,WA,98643,-123.645600,46.305184
L000651,Pacific,Raymond,WA,98577,-123.728550,46.686115
L000652,Grays Harbor,Cosmopolis,WA,98537,-123.775800,46.952755
L000653,Pacific,Naselle,WA,98638,-123.803427,46.373729
L000654,Pacific,South Bend,WA,98586,-123.812130,46.665460
L000655,Grays Harbor,Quinault,WA,98575,-123.812395,47.492065
L000656,Grays Harbor,Aberdeen,WA,98520,-123.820600,46.977890
L000657,Grays Harbor,Hoquiam,WA,98550,-123.886879,46.980531
L000658,Grays Harbor,Amanda Park,WA,98526,-123.925264,47.471069
L000659,Pacific,Chinook,WA,98614,-123.949049,46.276911
L000660,Pacific,Bay Center,WA,98527,-123.953620,46.629685
L000661,Pacific,North Cove,WA,98590,-123.994490,46.710710
L000662,Pacific,Oysterville,WA,98641,-124.028580,46.548715
L000663,Pacific,Ilwaco,WA,98624,-124.038905,46.308830
L000664,Pacific,Ocean Park,WA,98640,-124.048530,46.497200
L000665,Pacific,Long Beach,WA,98631,-124.054720,46.346910
L000666,Pacific,Seaview,WA,98644,-124.054850,46.332130
L000667,Grays Harbor,Moclips,WA,98562,-124.064734,47.337628
L000668,Grays Harbor,Grayland,WA,98547,-124.084295,46.746475
L000669,Grays Harbor,Westport,WA,98595,-124.107315,46.886855
L000670,Grays Harbor,Ocean Shores,WA,98569,-124.159980,47.007527
L000671,Grays Harbor,Copalis Beach,WA,98535,-124.173860,47.110430
L000672,Grays Harbor,Copalis Crossing,WA,98536,-124.185379,47.158710
L000673,Grays Harbor,Pacific Beach,WA,98571,-124.196565,47.196924
L000674,Jefferson,Forks,WA,98331,-124.253110,47.810120
L000675,Clallam,Clallam Bay,WA,98326,-124.264464,48.249578
L000676,Grays Harbor,Taholah,WA,98587,-124.284611,47.336619
L000677,Clallam,Beaver,WA,98305,-124.340539,48.064657
L000678,Clallam,Sekiu,WA,98381,-124.374646,48.284029
L000679,Clallam,Neah Bay,WA,98357,-124.614078,48.365491
L000680,Anchorage,Eagle River,AK,99577,-149.568300,61.323155
L000681,Hawaii,Kailua Kona,HI,96740,-155.982179,19.672957
L000682,Maui,Kihei,HI,96753,-156.453119,20.776144
L000683,Honolulu,Kailua,HI,96734,-157.743820,21.398050
L000684,Honolulu,Honolulu,HI,96818,-157.921378,21.349253
L000685,Honolulu,Mililani,HI,96789,-158.011570,21.458230
L000686,Honolulu,Ewa Beach,HI,96706,-158.019325,21.335160
L000687,Kauai,Kekaha,HI,96752,-159.712613,21.970140
L000688,Rockingham,Portsmouth,NH,3804,-70.743216,43.082706
L000689,Essex,Lynn,MA,1905,-70.972064,42.462908
L000690,Middlesex,Hanscom Afb,MA,1731,-71.276621,42.457030
L000691,Newport,Middletown,RI,2842,-71.286061,41.514449
L000692,Middlesex,Chelmsford,MA,1824,-71.351056,42.597330
L000693,Providence,Providence,RI,2909,-71.435185,41.818830
L000694,Worcester,Shrewsbury,MA,1545,-71.721373,42.284102
L000695,New London,Mystic,CT,6355,-71.967835,41.354655
L000696,New London,Gales Ferry,CT,6335,-72.064353,41.425460
L000697,New London,Groton,CT,6340,-72.073825,41.375170
L000698,New London,Waterford,CT,6385,-72.139243,41.346170
L000699,New London,Old Lyme,CT,6371,-72.278840,41.286890
L000700,New Haven,Madison,CT,6443,-72.610716,41.313697
L000701,Saratoga,Saratoga Springs,NY,12866,-73.786645,43.080115
L000702,Saratoga,Greenfield Center,NY,12833,-73.845094,43.128330
L000703,Essex,Newark,NJ,7103,-74.187940,40.736555
L000704,Essex,Bloomfield,NJ,7003,-74.192177,40.801676
L000705,Essex,Montclair,NJ,7042,-74.215555,40.816355
L000706,Middlesex,East Brunswick,NJ,8816,-74.405322,40.425758
L000707,Burlington,Joint Base Mdl,NJ,8641,-74.583478,40.036594
L000708,Atlantic,Egg Harbor Township,NJ,8234,-74.591712,39.396484
L000709,Mercer,Princeton,NJ,8540,-74.649899,40.356339
L000710,Burlington,Medford,NJ,8055,-74.822919,39.872686
L000711,St. Lawrence,Ogdensburg,NY,13669,-75.486250,44.694570
L000712,Kent,Dover,DE,19901,-75.518321,39.160135
L000713,Jefferson,Watertown,NY,13603,-75.813189,44.045225
L000714,Virginia Beach,Virginia Beach,VA,23453,-76.080818,36.792714
L000715,Virginia Beach,Virginia Beach,VA,23456,-76.117990,36.784765
L000716,Currituck,Moyock,NC,27958,-76.140153,36.512563
L000717,Harford,Aberdeen Proving Ground,MD,21005,-76.143889,39.494431
L000718,Virginia Beach,Virginia Beach,VA,23455,-76.151177,36.889277
L000719,Virginia Beach,Virginia Beach,VA,23464,-76.180163,36.800176
L000720,Chesapeake,Chesapeake,VA,23320,-76.237441,36.755166
L000721,Norfolk,Norfolk,VA,23503,-76.251684,36.942546
L000722,Harford,Edgewood,MD,21040,-76.304205,39.427590
L000723,Portsmouth,Portsmouth,VA,23707,-76.344027,36.836325
L000724,Chesapeake,Chesapeake,VA,23321,-76.417782,36.822399
L000725,York,Yorktown,VA,23693,-76.434071,37.112964
L000726,Suffolk,Suffolk,VA,23435,-76.453199,36.862469
L000727,"St. Mary's",Lexington Park,MD,20653,-76.458377,38.256131
L000728,Anne Arundel,Arnold,MD,21012,-76.500015,39.052025
L000729,Newport News,Newport News,VA,23602,-76.516165,37.117004
L000730,Calvert,Chesapeake Beach,MD,20732,-76.536624,38.667382
L000731,Anne Arundel,Edgewater,MD,21037,-76.541773,38.925950
L000732,Anne Arundel,Gambrills,MD,21054,-76.679030,39.038000
L000733,Williamsburg,Williamsburg,VA,23185,-76.708972,37.271756
L000734,Anne Arundel,Odenton,MD,21113,-76.711195,39.074564
L000735,Anne Arundel,Hanover,MD,21076,-76.720805,39.162079
L000736,Anne Arundel,Fort George G Meade,MD,20755,-76.759242,39.110131
L000737,Charles,Hughesville,MD,20637,-76.773785,38.535383
L000738,"Prince George's",Upper Marlboro,MD,20774,-76.810087,38.890336
L000739,Howard,Ellicott City,MD,21042,-76.832070,39.276485
L000740,"Prince George's",Andrews Air Force Base,MD,20762,-76.881164,38.811068
L000741,Charles,Waldorf,MD,20603,-76.951590,38.622545
L000742,"Prince George's",Fort Washington,MD,20744,-76.979721,38.757794
L000743,District of Columbia,Washington,DC,20003,-76.985835,38.884110
L000744,District of Columbia,Washington,DC,20002,-76.992457,38.902535
L000745,Carroll,Westminster,MD,21157,-76.996410,39.579302
L000746,Howard,Dayton,MD,21036,-77.000227,39.242016
L000747,Cumberland,Mechanicsburg,PA,17050,-77.019760,40.240985
L000748,Alexandria,Alexandria,VA,22314,-77.047585,38.807715
L000749,Fairfax,Alexandria,VA,22308,-77.056662,38.728118
L000750,Montgomery,Silver Spring,MD,20906,-77.068346,39.067909
L000751,Montgomery,Chevy Chase,MD,20815,-77.077150,38.983575
L000752,Montgomery,Kensington,MD,20895,-77.078231,39.030798
L000753,Montgomery,Bethesda,MD,20814,-77.099577,38.992455
L000754,Fairfax,Fort Belvoir,VA,22060,-77.142327,38.699268
L000755,Fairfax,Mc Lean,VA,22101,-77.177005,38.937380
L000756,Montgomery,Potomac,MD,20854,-77.181360,39.063089
L000757,Cumberland,Carlisle,PA,17013,-77.190780,40.202425
L000758,Montgomery,Gaithersburg,MD,20878,-77.231982,39.115961
L000759,Fairfax,Springfield,VA,22152,-77.236627,38.777500
L000760,Fairfax,Vienna,VA,22180,-77.256665,38.896633
L000761,Fairfax,Burke,VA,22015,-77.278478,38.785391
L000762,Prince William,Dumfries,VA,22025,-77.354851,38.612271
L000763,Pitt,Winterville,NC,28590,-77.399058,35.536466
L000764,Fairfax,Herndon,VA,20171,-77.405463,38.929188
L000765,Frederick,Frederick,MD,21701,-77.409075,39.416495
L000766,Stafford,Stafford,VA,22554,-77.410205,38.425430
L000767,Stafford,Fredericksburg,VA,22405,-77.427524,38.321483
L000768,Prince William,Manassas,VA,20111,-77.440737,38.763617
L000769,Onslow,Mccutcheon Field,NC,28545,-77.445508,34.723558
L000770,Spotsylvania,Fredericksburg,VA,22408,-77.479432,38.247828
L000771,Loudoun,Chantilly,VA,20152,-77.515530,38.911731
L000772,Frederick,Middletown,MD,21769,-77.550327,39.443960
L000773,Loudoun,Aldie,VA,20105,-77.572484,38.944000
L000774,Chesterfield,North Chesterfield,VA,23236,-77.578440,37.476002
L000775,Goochland,Henrico,VA,23238,-77.617505,37.604068
L000776,Albemarle,Charlottesville,VA,22901,-78.482705,38.073588
L000777,Charlottesville,Charlottesville,VA,22903,-78.492625,38.034560
L000778,Wake,Wake Forest,NC,27587,-78.510150,35.976815
L000779,Wake,Raleigh,NC,27601,-78.636270,35.775485
L000780,Cumberland,Fayetteville,NC,28312,-78.780926,35.019816
L000781,Wake,Holly Springs,NC,27540,-78.837190,35.660441
L000782,Cumberland,Fayetteville,NC,28305,-78.907852,35.054112
L000783,Harnett,Spring Lake,NC,28390,-78.976955,35.170469
L000784,Cumberland,Fort Bragg,NC,28307,-78.993979,35.148727
L000785,Cumberland,Fort Bragg,NC,28310,-79.027760,35.150360
L000786,Orange,Chapel Hill,NC,27516,-79.110216,35.922466
L000787,Harnett,Sanford,NC,27332,-79.127412,35.385478
L000788,Moore,Southern Pines,NC,28387,-79.387440,35.176374
L000789,Allegheny,Pittsburgh,PA,15236,-79.968057,40.341935
L000790,Berkeley,Hanahan,SC,29410,-80.003757,32.928955
L000791,Charleston,Charleston Afb,SC,29404,-80.059581,32.898233
L000792,Berkeley,Summerville,SC,29486,-80.137867,33.055919
L000793,Miami-Dade,Miami,FL,33131,-80.189962,25.768875
L000794,Brevard,Melbourne,FL,32904,-80.670667,28.071489
L000795,Richland,Hopkins,SC,29061,-80.848269,33.935098
L000796,Beaufort,Okatie,SC,29909,-80.928646,32.310314
L000797,Orange,Winter Park,FL,32792,-81.303551,28.603990
L000798,Collier,Naples,FL,34108,-81.810411,26.248846
L000799,Hillsborough,Lithia,FL,33547,-82.145644,27.836110
L000800,Hillsborough,Riverview,FL,33569,-82.302848,27.857685
L000801,Hillsborough,Tampa,FL,33610,-82.396507,27.993676
L000802,Hillsborough,Tampa,FL,33621,-82.483650,27.849742
L000803,Sarasota,Sarasota,FL,34242,-82.542698,27.264550
L000804,Houston,Warner Robins,GA,31088,-83.678955,32.570960
L000805,Washtenaw,Ann Arbor,MI,48105,-83.703171,42.308582
L000806,Washtenaw,Ann Arbor,MI,48103,-83.776575,42.273965
L000807,Rockdale,Conyers,GA,30013,-83.982130,33.625576
L000808,Greene,Fairborn,OH,45324,-84.022125,39.824050
L000809,Montgomery,Dayton,OH,45458,-84.158831,39.603969
L000810,DeKalb,Decatur,GA,30030,-84.293700,33.774551
L000811,Hamilton,Cincinnati,OH,45243,-84.361765,39.187120
L000812,Fulton,Atlanta,GA,30308,-84.380155,33.773514
L000813,Bartow,Adairsville,GA,30103,-84.918675,34.376845
L000814,Muscogee,Columbus,GA,31907,-84.935048,32.492460
L000815,Lee,Smiths Station,AL,36877,-85.100765,32.533895
L000816,Allen,Fort Wayne,IN,46802,-85.151162,41.073697
L000817,Allen,Fort Wayne,IN,46818,-85.196375,41.136925
L000818,Oldham,Goshen,KY,40026,-85.564318,38.417099
L000819,Hardin,Elizabethtown,KY,42701,-85.857070,37.696460
L000820,Meade,Fort Knox,KY,40121,-85.957126,37.897498
L000821,Montgomery,Pike Road,AL,36064,-86.094990,32.347600
L000822,Autauga,Prattville,AL,36067,-86.488131,32.481251
L000823,Shelby,Pelham,AL,35124,-86.784534,33.320686
L000824,Lake,Hobart,IN,46342,-87.252300,41.527830
L000825,Escambia,Pensacola,FL,32506,-87.319623,30.408329
L000826,Cook,Chicago,IL,60605,-87.625843,41.869011
L000827,Cook,Evanston,IL,60201,-87.691935,42.051240
L000828,Cook,Skokie,IL,60077,-87.753730,42.029250
L000829,DuPage,Burr Ridge,IL,60527,-87.935150,41.755284
L000830,Lake,Libertyville,IL,60048,-87.948577,42.285826
L000831,DuPage,Lisle,IL,60532,-88.072705,41.798710
L000832,Mobile,Mobile,AL,36619,-88.194895,30.592415
L000833,DuPage,West Chicago,IL,60185,-88.203885,41.880125
L000834,Champaign,Champaign,IL,61822,-88.299041,40.098514
L000835,Madison,Saint Jacob,IL,62281,-89.783393,38.705202
L000836,Plaquemines,Belle Chasse,LA,70037,-89.990785,29.855449
L000837,Rock Island,Rock Island,IL,61201,-90.572925,41.505210
L000838,Texas,Summersville,MO,65571,-91.664181,37.178634
L000839,Pulaski,Saint Robert,MO,65584,-92.138205,37.814835
L000840,Pulaski,Waynesville,MO,65583,-92.224482,37.817179
L000841,Pulaski,Little Rock,AR,72207,-92.345284,34.769370
L000842,Marion,Pella,IA,50219,-92.916409,41.411543
L000843,Hennepin,Minneapolis,MN,55408,-93.288289,44.946592
L000844,Caddo,Shreveport,LA,71106,-93.747218,32.428326
L000845,Platte,Platte City,MO,64079,-94.779620,39.365570
L000846,Leavenworth,Lansing,KS,66043,-94.910863,39.250283
L000847,Galveston,Dickinson,TX,77539,-95.050130,29.465695
L000848,Harris,Houston,TX,77002,-95.369775,29.752455
L000849,Harris,Houston,TX,77057,-95.483920,29.733050
L000850,Harris,Hockley,TX,77447,-95.775895,30.078033
L000851,Sarpy,Bellevue,NE,68123,-95.951845,41.121729
L000852,Douglas,Omaha,NE,68135,-96.188357,41.200317
L000853,Collin,Plano,TX,75074,-96.699510,33.019670
L000854,Collin,Mckinney,TX,75071,-96.709569,33.210639
L000855,Denton,Little Elm,TX,75068,-96.903319,33.172767
L000856,Tarrant,Bedford,TX,76022,-97.146894,32.834422
L000857,Tarrant,Southlake,TX,76092,-97.148347,32.953503
L000858,Sedgwick,Wichita,KS,67218,-97.276985,37.672475
L000859,Nueces,Corpus Christi,TX,78412,-97.363680,27.704096
L000860,Nueces,Corpus Christi,TX,78414,-97.369593,27.665047
L000861,Williamson,Round Rock,TX,78681,-97.716870,30.513895
L000862,Bell,Killeen,TX,76542,-97.747090,31.097330
L000863,Travis,Austin,TX,78748,-97.819886,30.162887
L000864,Travis,Leander,TX,78641,-97.875560,30.558957
L000865,Garfield,Enid,OK,73703,-97.919657,36.402522
L000866,Wilson,La Vernia,TX,78121,-98.109320,29.338694
L000867,Bexar,San Antonio,TX,78258,-98.488694,29.637847
L000868,Wichita,Wichita Falls,TX,76310,-98.564378,33.843752
L000869,Bexar,San Antonio,TX,78251,-98.672686,29.458992
L000870,Bexar,San Antonio,TX,78254,-98.707096,29.529408
